date,composite_risk_score,anomaly_component,regime_component,drawdown_component,volatility_component,tier,tier_name,advisory
2025-06-10,48.4381652143621,14.227417373102952,27.25946851074696,0.17462951638535248,6.776649814126839,3,Partial Rebalancing,Elevated caution warranted. Consider reducing exposure to volatile assets.
2025-06-11,39.115072471971224,14.227417373102952,17.98132672905922,0.18119667963170097,6.725131690177349,3,Partial Rebalancing,Elevated caution warranted. Consider reducing exposure to volatile assets.
2025-06-12,53.16957968322455,14.227417373102952,31.566767059266564,0.38728553658055653,6.988109714274472,4,Reduce Positions,Increasing risk signals detected. Reduce position sizes and increase hedging.
2025-06-13,44.63903041330362,14.227417373102952,23.36155042052269,0.750418168365939,6.299644451312043,3,Partial Rebalancing,Elevated caution warranted. Consider reducing exposure to volatile assets.
2025-06-14,51.987645486989024,14.227417373102952,31.34112328290939,0.741498953747028,5.677605877229654,4,Reduce Positions,Increasing risk signals detected. Reduce position sizes and increase hedging.
2025-06-15,52.78574821206724,14.227417373102952,32.18373842537403,0.817151942050233,5.557440471540026,4,Reduce Positions,Increasing risk signals detected. Reduce position sizes and increase hedging.
2025-06-16,46.94100697047717,14.227417373102952,26.345988512039185,0.80752651824924,5.560074567085789,3,Partial Rebalancing,Elevated caution warranted. Consider reducing exposure to volatile assets.
2025-06-17,47.66962296897183,12.893884874097484,31.717249788343903,0.619720801343862,2.4387675051865827,3,Partial Rebalancing,Elevated caution warranted. Consider reducing exposure to volatile assets.
2025-06-18,32.95900089840933,10.229545437554108,18.84342357236892,0.924647293428765,2.961384595057532,2,Maintain Positions,Market is stable. Hold current allocations with normal monitoring.
2025-06-19,31.247473437307793,8.626155677741364,18.769953881390393,0.919367157774714,2.9319967204013184,2,Maintain Positions,Market is stable. Hold current allocations with normal monitoring.
2025-06-20,29.70247152631318,7.8281970821933005,19.072053706739098,0.9236758157790359,1.8785449216017491,2,Maintain Positions,Market is stable. Hold current allocations with normal monitoring.
2025-06-21,29.5711585421016,7.04373853853518,19.11144146649167,1.111987988435595,2.3039905486391574,2,Maintain Positions,Market is stable. Hold current allocations with normal monitoring.
2025-06-22,30.45876854572121,7.435123742051437,19.08609361533172,1.187495256512892,2.7500559318251594,2,Maintain Positions,Market is stable. Hold current allocations with normal monitoring.
2025-06-23,45.321323100920175,7.910396597283638,33.08176934719005,1.2800006110452136,3.049156545401283,3,Partial Rebalancing,Elevated caution warranted. Consider reducing exposure to volatile assets.
2025-06-24,34.51990945254154,9.005694421144685,18.753684610128403,0.6461839248450959,6.114346496423355,2,Maintain Positions,Market is stable. Hold current allocations with normal monitoring.
2025-06-25,46.27073897524873,8.58881649524714,31.52461510131853,0.5830007734147366,5.574306605268319,3,Partial Rebalancing,Elevated caution warranted. Consider reducing exposure to volatile assets.
2025-06-26,38.82942369984111,8.44404959603112,24.34685229699686,0.4112553824632125,5.627266424349922,3,Partial Rebalancing,Elevated caution warranted. Consider reducing exposure to volatile assets.
2025-06-27,43.75955280484219,8.17379169900605,29.48536581372172,0.44588003471361,5.654515257400803,3,Partial Rebalancing,Elevated caution warranted. Consider reducing exposure to volatile assets.
2025-06-28,31.884551983665748,7.234541274177907,18.93013820564494,0.4329694080326835,5.286903095810216,2,Maintain Positions,Market is stable. Hold current allocations with normal monitoring.
2025-06-29,30.092189816617864,6.143285017368925,18.950540294870734,0.39859616261373143,4.599768341764475,2,Maintain Positions,Market is stable. Hold current allocations with normal monitoring.
2025-06-30,28.570410177012796,5.032948156241062,19.040943905245513,0.25370922037201055,4.242808895154211,2,Maintain Positions,Market is stable. Hold current allocations with normal monitoring.
2025-07-01,24.18854786084624,3.564365722310004,19.067126386333257,0.42563908910967596,1.1314166630933014,2,Maintain Positions,Market is stable. Hold current allocations with normal monitoring.
2025-07-02,25.3011532242832,3.7233848851777793,19.12846157862805,0.6323383903836719,1.8169683700937,2,Maintain Positions,Market is stable. Hold current allocations with normal monitoring.
2025-07-03,26.847760935244956,4.357852905050602,18.961762969382107,0.19550745075566248,3.332637610056584,2,Maintain Positions,Market is stable. Hold current allocations with normal monitoring.
2025-07-04,26.36419093686017,4.190487423569789,18.769886863417923,0.0897007893980835,3.3141158604743723,2,Maintain Positions,Market is stable. Hold current allocations with normal monitoring.
2025-07-05,27.293713721712475,4.210761310645968,19.027033356949687,0.302102013639546,3.7538170404772764,2,Maintain Positions,Market is stable. Hold current allocations with normal monitoring.
2025-07-06,27.412849995093048,4.0311958895863365,19.03698593331501,0.27808051383706944,4.066587658354634,2,Maintain Positions,Market is stable. Hold current allocations with normal monitoring.
2025-07-07,27.40385023166383,3.946307505165411,19.063336464576423,0.142349292001623,4.251856969920377,2,Maintain Positions,Market is stable. Hold current allocations with normal monitoring.
2025-07-08,26.990599200896018,3.592318232065306,19.011779971886426,0.266755409234835,4.119745587709449,2,Maintain Positions,Market is stable. Hold current allocations with normal monitoring.
2025-07-09,25.932781713753634,3.3182602810746182,18.907044033519924,0.177992603117763,3.5294847960413294,2,Maintain Positions,Market is stable. Hold current allocations with normal monitoring.
2025-07-10,25.12483641232401,3.5471728936789866,18.50512216066079,0.0,3.0725413579842344,2,Maintain Positions,Market is stable. Hold current allocations with normal monitoring.
2025-07-11,31.100506154039433,5.72175639062857,20.372792929403534,0.0,5.005956834007329,2,Maintain Positions,Market is stable. Hold current allocations with normal monitoring.
2025-07-12,44.26517813140155,7.820414897037402,32.40201622246108,0.0,4.042747011903067,3,Partial Rebalancing,Elevated caution warranted. Consider reducing exposure to volatile assets.
2025-07-13,36.90724195426108,8.527591341345676,23.887452069392086,0.019401164124432,4.472797379398884,3,Partial Rebalancing,Elevated caution warranted. Consider reducing exposure to volatile assets.
2025-07-14,42.63331360315286,9.269972307021941,28.941691536026298,0.0,4.421649760104617,3,Partial Rebalancing,Elevated caution warranted. Consider reducing exposure to volatile assets.
2025-07-15,37.2217801323285,11.571021135519786,22.08970472216602,0.0,3.561054274642694,3,Partial Rebalancing,Elevated caution warranted. Consider reducing exposure to volatile assets.
2025-07-16,48.52497831059468,13.306624594405182,29.829544126987454,0.26980890922340395,5.119000679978643,3,Partial Rebalancing,Elevated caution warranted. Consider reducing exposure to volatile assets.
2025-07-17,39.79982419931538,14.207242953262389,20.530882328748703,0.13587729849417898,4.92582161881011,3,Partial Rebalancing,Elevated caution warranted. Consider reducing exposure to volatile assets.
2025-07-18,44.06512301392817,13.521869449711014,27.815448567271236,0.048606028043849996,2.679198968902068,3,Partial Rebalancing,Elevated caution warranted. Consider reducing exposure to volatile assets.
2025-07-19,37.128807317478035,13.998710037947811,20.109997987747192,0.2309110311565755,2.7891882606264633,3,Partial Rebalancing,Elevated caution warranted. Consider reducing exposure to volatile assets.
2025-07-20,46.63677990693847,14.094152511514707,29.51761797070503,0.2418411915564945,2.7831682331622383,3,Partial Rebalancing,Elevated caution warranted. Consider reducing exposure to volatile assets.
2025-07-21,37.54210575536511,14.6954333992512,20.286332964897156,0.32254126266845695,2.2377981285482913,3,Partial Rebalancing,Elevated caution warranted. Consider reducing exposure to volatile assets.
2025-07-22,46.95546764447439,13.921068816736486,30.543969795107838,0.29430851134782304,2.1961205212822494,3,Partial Rebalancing,Elevated caution warranted. Consider reducing exposure to volatile assets.
2025-07-23,35.84653503244303,13.483510893352468,19.811096787452698,0.0,2.551927351637865,3,Partial Rebalancing,Elevated caution warranted. Consider reducing exposure to volatile assets.
2025-07-24,47.60110905666712,12.473213187925529,31.554499901831147,0.165903591856008,3.4074923750544386,3,Partial Rebalancing,Elevated caution warranted. Consider reducing exposure to volatile assets.
2025-07-25,40.6434780234035,11.321383291134941,25.86387425661082,0.2002438301040075,3.257976645553732,3,Partial Rebalancing,Elevated caution warranted. Consider reducing exposure to volatile assets.
2025-07-26,45.61123267680688,9.293339593823111,33.0886558780939,0.30198465872417546,2.9272525461656924,3,Partial Rebalancing,Elevated caution warranted. Consider reducing exposure to volatile assets.
2025-07-27,30.84427904218707,8.549343520835938,19.05597022455902,0.249623623942476,2.989341672849632,2,Maintain Positions,Market is stable. Hold current allocations with normal monitoring.
2025-07-28,29.799945308426306,7.548282624924643,18.97659586230293,0.06713493727022249,3.2079318839285125,2,Maintain Positions,Market is stable. Hold current allocations with normal monitoring.
2025-07-29,29.493435121471585,6.438100049829281,19.145890839397907,0.24415164917696547,3.6652925830674294,2,Maintain Positions,Market is stable. Hold current allocations with normal monitoring.
2025-07-30,26.502420223063186,5.061585497871468,19.152928166557103,0.2629076942547165,2.024998864379897,2,Maintain Positions,Market is stable. Hold current allocations with normal monitoring.
2025-07-31,25.40252433455169,4.294497219550224,19.131117459153756,0.2654171247362745,1.711492531111437,2,Maintain Positions,Market is stable. Hold current allocations with normal monitoring.
2025-08-01,26.625708186822322,4.248892786338216,19.1341303831432,0.532170193428564,2.7105148239123404,2,Maintain Positions,Market is stable. Hold current allocations with normal monitoring.
2025-08-02,27.740179176599128,3.982005372303762,19.169041335815564,0.8404584203950756,3.7486740480847267,2,Maintain Positions,Market is stable. Hold current allocations with normal monitoring.
2025-08-03,27.326211751031224,3.793805176714887,19.145918872207403,0.9254525811316424,3.461035120977291,2,Maintain Positions,Market is stable. Hold current allocations with normal monitoring.
2025-08-04,27.111253947237238,3.4479536537578803,19.168506438843906,0.719850926032908,3.7749429286025418,2,Maintain Positions,Market is stable. Hold current allocations with normal monitoring.
2025-08-05,27.488060015743244,3.6699501257840677,19.101029152050614,0.6023605879591575,4.1147201499494015,2,Maintain Positions,Market is stable. Hold current allocations with normal monitoring.
2025-08-06,27.69787546594911,3.6949201336529107,19.14675011835061,0.728698632228468,4.12750658171712,2,Maintain Positions,Market is stable. Hold current allocations with normal monitoring.
2025-08-07,28.007512314342492,3.8181939652996273,19.067419345490634,0.6169397537726865,4.5049592497795405,2,Maintain Positions,Market is stable. Hold current allocations with normal monitoring.
2025-08-08,28.310284273234025,4.656589615302795,18.612913398072124,0.3116549534627325,4.729126306396373,2,Maintain Positions,Market is stable. Hold current allocations with normal monitoring.
2025-08-09,29.796000255415073,5.07328720215204,20.814927965402603,0.408579142214439,3.499205945645992,2,Maintain Positions,Market is stable. Hold current allocations with normal monitoring.
2025-08-10,39.887741877132314,6.16118946331576,29.088512063026425,0.4308726919350165,4.207167658855109,3,Partial Rebalancing,Elevated caution warranted. Consider reducing exposure to volatile assets.
2025-08-11,33.24670164602577,6.808858782511074,21.533037275075912,0.08614054867664099,4.818665039762143,2,Maintain Positions,Market is stable. Hold current allocations with normal monitoring.
2025-08-12,46.62668379736871,7.305111382450055,34.10201503895223,0.1478039585968995,5.0717534173695205,3,Partial Rebalancing,Elevated caution warranted. Consider reducing exposure to volatile assets.
2025-08-13,34.48602356477137,9.323194586548768,20.646102130413055,0.0,4.516726847809552,2,Maintain Positions,Market is stable. Hold current allocations with normal monitoring.
2025-08-14,46.77361371801587,10.975435689165998,30.704016536474224,0.0,5.094161492375652,3,Partial Rebalancing,Elevated caution warranted. Consider reducing exposure to volatile assets.
2025-08-15,42.29519203561299,11.711867524838436,22.028909772634506,0.6258525873541799,7.928562150785862,3,Partial Rebalancing,Elevated caution warranted. Consider reducing exposure to volatile assets.
2025-08-16,51.82362431325252,11.51310047179609,31.562473997473713,0.7552385527076745,7.992811291275046,4,Reduce Positions,Increasing risk signals detected. Reduce position sizes and increase hedging.
2025-08-17,40.48587297552215,10.917338779662972,20.823167264461517,0.7356420003815429,8.009724931016116,3,Partial Rebalancing,Elevated caution warranted. Consider reducing exposure to volatile assets.
2025-08-18,48.51042739018467,11.434453580240122,29.10379841923714,0.7305893932512555,7.241585997456148,3,Partial Rebalancing,Elevated caution warranted. Consider reducing exposure to volatile assets.
2025-08-19,41.90033318444551,11.528950565643298,22.214431166648865,0.8867581086992069,7.270193343454138,3,Partial Rebalancing,Elevated caution warranted. Consider reducing exposure to volatile assets.
2025-08-20,51.21019749775132,10.47973421573604,32.320288717746735,1.3089869807941665,7.101187583474379,4,Reduce Positions,Increasing risk signals detected. Reduce position sizes and increase hedging.
2025-08-21,37.820786183568025,10.260065216787549,20.83086520433426,1.13004061515462,5.599815147291595,3,Partial Rebalancing,Elevated caution warranted. Consider reducing exposure to volatile assets.
2025-08-22,48.0136389617501,9.334882882719487,33.57961105182767,1.3531690019342024,3.7459760252687375,3,Partial Rebalancing,Elevated caution warranted. Consider reducing exposure to volatile assets.
2025-08-23,38.42870189240629,12.22869109482911,19.176041781902313,0.8166101561442765,6.207358859530587,3,Partial Rebalancing,Elevated caution warranted. Consider reducing exposure to volatile assets.
2025-08-24,52.069326548197274,13.825842595707385,30.953977666795257,0.9955824156934259,6.293923870001209,4,Reduce Positions,Increasing risk signals detected. Reduce position sizes and increase hedging.
2025-08-25,41.482900878757206,13.797082417711279,20.05799725651741,1.2335743907065828,6.39424681382193,3,Partial Rebalancing,Elevated caution warranted. Consider reducing exposure to volatile assets.
2025-08-26,55.944568551692676,14.791969192420797,32.894589584320784,1.6237696221750284,6.634240152776072,4,Reduce Positions,Increasing risk signals detected. Reduce position sizes and increase hedging.
2025-08-27,44.53405598925353,15.173241703567266,21.673267036676407,1.4225707440136275,6.264976504996238,3,Partial Rebalancing,Elevated caution warranted. Consider reducing exposure to volatile assets.
2025-08-28,52.83188773053912,14.274804573917576,31.02176465094089,1.498641497963868,6.036677007716788,4,Reduce Positions,Increasing risk signals detected. Reduce position sizes and increase hedging.
2025-08-29,41.26193394137063,14.302396136158066,19.69024747610092,1.3396698955340984,5.929620433577542,3,Partial Rebalancing,Elevated caution warranted. Consider reducing exposure to volatile assets.
2025-08-30,51.54938383825039,11.40654153511642,34.03898300566922,1.8307582181436675,4.2731010793210835,4,Reduce Positions,Increasing risk signals detected. Reduce position sizes and increase hedging.
2025-08-31,32.367546835116386,9.590048808838256,16.46477374434471,1.7941385774317617,4.518585704501653,2,Maintain Positions,Market is stable. Hold current allocations with normal monitoring.
2025-09-01,32.97074448972966,8.44488577452576,18.155385937548882,1.8583088717754763,4.512163905879538,2,Maintain Positions,Market is stable. Hold current allocations with normal monitoring.
2025-09-02,31.126283827660153,6.403681016191239,19.14072378142737,1.7479191003787844,3.833959929662762,2,Maintain Positions,Market is stable. Hold current allocations with normal monitoring.
2025-09-03,30.043119756877083,5.393970837609886,19.160785151878372,1.5017860216208099,3.9865777457680167,2,Maintain Positions,Market is stable. Hold current allocations with normal monitoring.
2025-09-04,29.45111337009234,4.8966526561667365,19.130559981102124,1.4384969127212266,3.9854038201022535,2,Maintain Positions,Market is stable. Hold current allocations with normal monitoring.
2025-09-05,28.846502074655017,4.281353052504647,19.15666665136814,1.558289984636052,3.850192386146177,2,Maintain Positions,Market is stable. Hold current allocations with normal monitoring.
2025-09-06,25.814021797137244,3.8895542300900345,19.144408661639318,1.5658840379080665,1.2141748674998258,2,Maintain Positions,Market is stable. Hold current allocations with normal monitoring.
2025-09-07,26.241958427007468,4.065579615104993,19.14258780842647,1.6208761865033625,1.4129148169726429,2,Maintain Positions,Market is stable. Hold current allocations with normal monitoring.
2025-09-08,26.14825771888995,4.163972037657117,19.159231482306495,1.5088501091497155,1.3162040897766225,2,Maintain Positions,Market is stable. Hold current allocations with normal monitoring.
2025-09-09,25.96321130686356,4.117007368840226,19.152298650704324,1.4004255528152458,1.2934797345037607,2,Maintain Positions,Market is stable. Hold current allocations with normal monitoring.
2025-09-10,25.036521166812296,3.898780356332553,19.102364361286163,1.4584158460441845,0.576960603149397,2,Maintain Positions,Market is stable. Hold current allocations with normal monitoring.
2025-09-11,25.96434673549056,3.8811297984252597,19.160041809780523,1.163676552651576,1.7594985746332037,2,Maintain Positions,Market is stable. Hold current allocations with normal monitoring.
2025-09-12,26.0144226415107,4.4028856099880995,19.145757593913004,0.9782003324926813,1.4875791051169127,2,Maintain Positions,Market is stable. Hold current allocations with normal monitoring.
2025-09-13,26.422836810574886,5.557848519661952,19.102494110818952,0.28446109372915046,1.4780330863648308,2,Maintain Positions,Market is stable. Hold current allocations with normal monitoring.
2025-09-14,26.66804059099037,5.6989022146623185,19.13113365136087,0.20063987331511948,1.6373648516520622,2,Maintain Positions,Market is stable. Hold current allocations with normal monitoring.
2025-09-15,27.626977877017534,6.139503056648801,19.130279335193336,0.27682860689777394,2.0803668782776272,2,Maintain Positions,Market is stable. Hold current allocations with normal monitoring.
2025-09-16,27.704527494803084,6.1946486258385,19.11915216781199,0.273804538944816,2.116922162207779,2,Maintain Positions,Market is stable. Hold current allocations with normal monitoring.
2025-09-17,27.06382101670039,5.995887366357664,19.147814941359684,0.0091668062986905,1.9109519026843529,2,Maintain Positions,Market is stable. Hold current allocations with normal monitoring.
2025-09-18,26.238853082798336,6.003532032757372,19.103440853767097,0.0485691911550255,1.0833110051188453,2,Maintain Positions,Market is stable. Hold current allocations with normal monitoring.
2025-09-19,25.137139797533916,5.285325278577097,19.11549539375119,0.0,0.736319125205628,2,Maintain Positions,Market is stable. Hold current allocations with normal monitoring.
2025-09-20,25.224405336005116,4.3949478429057605,19.157549635972828,0.190748004091179,1.4811598530353485,2,Maintain Positions,Market is stable. Hold current allocations with normal monitoring.
2025-09-21,25.22785863007188,4.335377394967783,19.15918594528921,0.183103036178583,1.5501922536363058,2,Maintain Positions,Market is stable. Hold current allocations with normal monitoring.
2025-09-22,25.395539453737523,4.057660203022683,19.1426349345129,0.23573442931494595,1.9595098868869947,2,Maintain Positions,Market is stable. Hold current allocations with normal monitoring.
2025-09-23,29.037566913647936,5.883380254380931,19.0358950169757,0.569644705799622,3.548646936491683,2,Maintain Positions,Market is stable. Hold current allocations with normal monitoring.
2025-09-24,28.85420073361124,6.4041344915438305,19.11487916088663,0.6560212845137054,2.6791657966670748,2,Maintain Positions,Market is stable. Hold current allocations with normal monitoring.
2025-09-25,30.128541489415802,6.362414895590958,19.174801752204075,0.4897660812121305,4.101558760408637,2,Maintain Positions,Market is stable. Hold current allocations with normal monitoring.
2025-09-26,33.91857458680711,8.245121682637784,19.079599927179515,1.0476670418240792,5.546185935165732,2,Maintain Positions,Market is stable. Hold current allocations with normal monitoring.
2025-09-27,34.704244938243754,8.70024621975909,19.031633263919502,0.952057909332408,6.020307545232752,2,Maintain Positions,Market is stable. Hold current allocations with normal monitoring.
2025-09-28,35.12198097298031,9.110346535517555,18.954223447479308,0.9591514645576229,6.098259525425827,3,Partial Rebalancing,Elevated caution warranted. Consider reducing exposure to volatile assets.
2025-09-29,37.69717429118237,9.82952511245381,18.781427058391273,0.640603566296358,8.445618554040932,3,Partial Rebalancing,Elevated caution warranted. Consider reducing exposure to volatile assets.
2025-09-30,35.67705648806706,8.228235557428615,19.11772143514827,0.363182298579825,7.967917196910347,3,Partial Rebalancing,Elevated caution warranted. Consider reducing exposure to volatile assets.
2025-10-01,35.410184594489365,7.9770127635396495,19.128690192708746,0.3996654653643675,7.904816172876605,3,Partial Rebalancing,Elevated caution warranted. Consider reducing exposure to volatile assets.
2025-10-02,36.16740635537967,8.921251956196976,18.690295360982418,0.0,8.555859038200273,3,Partial Rebalancing,Elevated caution warranted. Consider reducing exposure to volatile assets.
2025-10-03,30.60930595653339,7.39536781455453,18.799126974307,0.0,4.414811167671861,2,Maintain Positions,Market is stable. Hold current allocations with normal monitoring.
2025-10-04,30.531337224597767,7.226342673541409,19.10319380648434,0.0,4.201800744572015,2,Maintain Positions,Market is stable. Hold current allocations with normal monitoring.
2025-10-05,29.659707635881528,6.416948097605732,19.092328941449523,0.0,4.150430596826273,2,Maintain Positions,Market is stable. Hold current allocations with normal monitoring.
2025-10-06,28.67123360002036,5.455362248186367,19.140296933008358,0.0,4.075574418825634,2,Maintain Positions,Market is stable. Hold current allocations with normal monitoring.
2025-10-07,28.798321553002204,5.699628960759883,19.078016513492912,0.0,4.02067607874941,2,Maintain Positions,Market is stable. Hold current allocations with normal monitoring.
2025-10-08,31.76747329080118,6.373659769934431,19.021992389578372,0.391279247631783,5.980541883656596,2,Maintain Positions,Market is stable. Hold current allocations with normal monitoring.
2025-10-09,28.632102353574695,5.238510038916922,19.069168315734714,0.17082993525569398,4.1535940636673665,2,Maintain Positions,Market is stable. Hold current allocations with normal monitoring.
2025-10-10,28.384702565339413,4.675014240660614,19.091402343008667,0.36972722894914944,4.2485587527209825,2,Maintain Positions,Market is stable. Hold current allocations with normal monitoring.
2025-10-11,49.58552410288385,8.99988073311786,31.98630008846521,1.391132751668181,7.2082105296325985,3,Partial Rebalancing,Elevated caution warranted. Consider reducing exposure to volatile assets.
2025-10-12,41.90671919091972,12.027598585672903,21.15542098879814,1.6734792251928343,7.0502203912558405,3,Partial Rebalancing,Elevated caution warranted. Consider reducing exposure to volatile assets.
2025-10-13,54.74617650873204,15.573020138167436,29.957458227872845,1.1521600501880864,8.063538092503668,4,Reduce Positions,Increasing risk signals detected. Reduce position sizes and increase hedging.
2025-10-14,59.712430473801305,17.531966507940414,33.17103389650583,1.1482275378419144,7.8612025315131495,4,Reduce Positions,Increasing risk signals detected. Reduce position sizes and increase hedging.
2025-10-15,61.98337798422824,18.72872659228314,34.22503956593573,1.3965631355405774,7.633048690468797,4,Reduce Positions,Increasing risk signals detected. Reduce position sizes and increase hedging.
2025-10-16,63.536582505312005,20.88636651560176,33.91574529930949,1.6908443332305525,7.043626357170199,4,Reduce Positions,Increasing risk signals detected. Reduce position sizes and increase hedging.
2025-10-17,65.53212055231418,23.254389216030795,33.27452125027776,2.0072505590932246,6.995959526912408,5,Defensive Positioning,"High risk environment. Move to defensive assets, minimize exposure."
2025-10-18,49.074461306726924,19.407032147761495,23.160270154476166,2.2035802961074364,4.303578708381819,3,Partial Rebalancing,Elevated caution warranted. Consider reducing exposure to volatile assets.
2025-10-19,52.43391112028278,17.122400459503925,28.91692571341991,2.117938146976695,4.276646800382248,4,Reduce Positions,Increasing risk signals detected. Reduce position sizes and increase hedging.
2025-10-20,51.150660986598666,13.778347958942428,33.1539437919854,1.941803224380633,2.276566011290207,4,Reduce Positions,Increasing risk signals detected. Reduce position sizes and increase hedging.
2025-10-21,35.142070520499445,11.609933152417122,18.827477234123517,1.7028779111446966,3.001782222814107,3,Partial Rebalancing,Elevated caution warranted. Consider reducing exposure to volatile assets.
2025-10-22,33.99364953112196,10.016139187456746,19.02526044473052,1.9580365056487887,2.9942133932859094,2,Maintain Positions,Market is stable. Hold current allocations with normal monitoring.
2025-10-23,31.808375696147294,8.168665878835467,18.861090207472444,2.062346623388853,2.716272986450525,2,Maintain Positions,Market is stable. Hold current allocations with normal monitoring.
2025-10-24,29.70500798546704,6.152080559644224,19.138212946243584,1.770206292179856,2.6445081873993725,2,Maintain Positions,Market is stable. Hold current allocations with normal monitoring.
2025-10-25,28.073504036648334,5.126886869501868,19.130756112979725,1.6560851804341035,2.1597758737326394,2,Maintain Positions,Market is stable. Hold current allocations with normal monitoring.
2025-10-26,27.58233194103558,4.540160841936328,19.10866572940722,1.581248981949501,2.352256387742533,2,Maintain Positions,Market is stable. Hold current allocations with normal monitoring.
2025-10-27,27.697433764049038,4.6768991024999425,19.074356585741043,1.2379425851297594,2.708235490678294,2,Maintain Positions,Market is stable. Hold current allocations with normal monitoring.
2025-10-28,27.160731550068522,4.161254086829424,19.11705987714231,1.2731925974732339,2.609224988623555,2,Maintain Positions,Market is stable. Hold current allocations with normal monitoring.
2025-10-29,26.25018656453736,3.675728161889721,18.997243183664978,1.421354552636871,2.155860666345786,2,Maintain Positions,Market is stable. Hold current allocations with normal monitoring.
2025-10-30,27.57426608316013,3.50748073280853,19.134433316765353,1.7704285766899663,3.161923456896279,2,Maintain Positions,Market is stable. Hold current allocations with normal monitoring.
2025-10-31,27.463650396619155,3.9303114603915326,18.666921408846974,1.987530427482201,2.878887099898445,2,Maintain Positions,Market is stable. Hold current allocations with normal monitoring.
2025-11-01,28.074626283886037,3.8917511054288805,19.109405437018722,1.8272632015376609,3.246206539900773,2,Maintain Positions,Market is stable. Hold current allocations with normal monitoring.
2025-11-02,27.2743568264117,3.7896405955431116,18.42318506166339,1.7743397062726738,3.2871914629325247,2,Maintain Positions,Market is stable. Hold current allocations with normal monitoring.
2025-11-03,26.42776594832014,3.4070507787627493,19.1478844366502,1.697872306633149,2.1749584262740433,2,Maintain Positions,Market is stable. Hold current allocations with normal monitoring.
2025-11-04,45.30320891616613,5.725806854553141,34.095174903050065,2.1942664454139087,3.2879607131490083,3,Partial Rebalancing,Elevated caution warranted. Consider reducing exposure to volatile assets.
2025-11-05,48.17630493829911,7.339632826081784,33.80690589547157,2.7816282321601946,4.2481379845855605,3,Partial Rebalancing,Elevated caution warranted. Consider reducing exposure to volatile assets.
2025-11-06,34.91045548302117,8.306317212337266,19.289332926273346,2.368157651364069,4.946647693046483,2,Maintain Positions,Market is stable. Hold current allocations with normal monitoring.
2025-11-07,48.643443242299526,8.5539178498937,32.29166030883789,2.678891434299873,5.11897364926806,3,Partial Rebalancing,Elevated caution warranted. Consider reducing exposure to volatile assets.
2025-11-08,45.655825236845104,9.583004093101925,28.434267491102215,2.2558228368320297,5.382730815808933,3,Partial Rebalancing,Elevated caution warranted. Consider reducing exposure to volatile assets.
2025-11-09,37.09427797811637,10.121881464000893,20.026274025440216,1.6835475138395657,5.262574974835691,3,Partial Rebalancing,Elevated caution warranted. Consider reducing exposure to volatile assets.
2025-11-10,52.34055836844091,11.468639719611437,32.60882455855608,1.3685639785497916,6.894530111723596,4,Reduce Positions,Increasing risk signals detected. Reduce position sizes and increase hedging.
2025-11-11,37.146634655684025,11.8030558874368,17.9177425801754,1.212423073092159,6.213413114979667,3,Partial Rebalancing,Elevated caution warranted. Consider reducing exposure to volatile assets.
2025-11-12,48.82883031796145,12.049939380431974,29.98441822826862,1.596241680167085,5.198231029093771,3,Partial Rebalancing,Elevated caution warranted. Consider reducing exposure to volatile assets.
2025-11-13,40.13983075247246,11.835156924752471,21.81195303797722,1.6974259615307716,4.795294828212006,3,Partial Rebalancing,Elevated caution warranted. Consider reducing exposure to volatile assets.
2025-11-14,51.070060792439605,12.074571423351912,32.57845498621464,1.9321373866559486,4.484896996217106,4,Reduce Positions,Increasing risk signals detected. Reduce position sizes and increase hedging.
2025-11-15,42.17282337827531,13.304664168725635,20.91274604201317,2.623207018858905,5.332206148677599,3,Partial Rebalancing,Elevated caution warranted. Consider reducing exposure to volatile assets.
2025-11-16,50.417813804786505,14.198532285119322,27.92570799589157,2.4853724853658767,5.808201038409731,4,Reduce Positions,Increasing risk signals detected. Reduce position sizes and increase hedging.
2025-11-17,43.603388649171485,14.022631621444658,22.334635853767395,2.629111864288281,4.617009309671146,3,Partial Rebalancing,Elevated caution warranted. Consider reducing exposure to volatile assets.
2025-11-18,52.92959357870744,12.908048634265171,33.36790623143315,2.940260539028487,3.7133781739806326,4,Reduce Positions,Increasing risk signals detected. Reduce position sizes and increase hedging.
2025-11-19,43.32408669558564,11.790990147979077,24.334638863801956,2.8376582084336537,4.360799475370962,3,Partial Rebalancing,Elevated caution warranted. Consider reducing exposure to volatile assets.
2025-11-20,48.39684169626097,11.447916878826724,29.45088945329189,3.028503539144776,4.469531824997584,3,Partial Rebalancing,Elevated caution warranted. Consider reducing exposure to volatile assets.
2025-11-21,44.575428856313245,11.817310506548209,23.932268172502518,3.6460965676858064,5.179753609576709,3,Partial Rebalancing,Elevated caution warranted. Consider reducing exposure to volatile assets.
2025-11-22,50.949087067848595,11.134059971051009,32.00731113553047,3.8555077733069902,3.9522081879601245,4,Reduce Positions,Increasing risk signals detected. Reduce position sizes and increase hedging.
2025-11-23,40.20136211794805,10.614434825253426,22.22546175122261,3.9038817903633642,3.4575837511086513,3,Partial Rebalancing,Elevated caution warranted. Consider reducing exposure to volatile assets.
2025-11-24,50.1043691408298,10.100702680926112,31.503571979701515,3.6285546713680215,4.871539808834154,4,Reduce Positions,Increasing risk signals detected. Reduce position sizes and increase hedging.
2025-11-25,38.26585600739397,9.65727750289432,20.064515471458435,3.439146902429283,5.104916130611936,3,Partial Rebalancing,Elevated caution warranted. Consider reducing exposure to volatile assets.
2025-11-26,49.671178829625646,9.414274224910104,31.561408750712868,3.530189854325025,5.165305999677653,3,Partial Rebalancing,Elevated caution warranted. Consider reducing exposure to volatile assets.
2025-11-27,51.654064870655404,9.371884508117287,33.3494352175522,2.984867526970803,5.947877618015114,4,Reduce Positions,Increasing risk signals detected. Reduce position sizes and increase hedging.
2025-11-28,32.8902724912559,8.103361135249488,18.813628411851823,2.6259980215391656,3.3472849226154224,2,Maintain Positions,Market is stable. Hold current allocations with normal monitoring.
2025-11-29,31.606394123110164,7.1103624503102685,19.099139333236963,2.6705551373529746,2.7263372022099563,2,Maintain Positions,Market is stable. Hold current allocations with normal monitoring.
2025-11-30,31.077373115414193,6.8420402224978165,18.91245465911925,2.68532117953396,2.637557054263169,2,Maintain Positions,Market is stable. Hold current allocations with normal monitoring.
2025-12-01,30.834300117788842,6.676251501629806,18.88103731162846,2.7443135798711817,2.5326977246593936,2,Maintain Positions,Market is stable. Hold current allocations with normal monitoring.
2025-12-02,49.510386629799186,7.630218015479771,34.17573585174978,3.303479619596175,4.400953142973463,3,Partial Rebalancing,Elevated caution warranted. Consider reducing exposure to volatile assets.
2025-12-03,35.72567373801954,8.485721177433156,19.357298016548157,2.1370915071558048,5.745563036882422,3,Partial Rebalancing,Elevated caution warranted. Consider reducing exposure to volatile assets.
2025-12-04,45.93780608419981,8.884611564539092,29.858201742172245,1.7405924108830575,5.454400366605414,3,Partial Rebalancing,Elevated caution warranted. Consider reducing exposure to volatile assets.
2025-12-05,38.892310698791775,9.180402433721875,21.79919198155403,1.9500267783348855,5.9626895051809825,3,Partial Rebalancing,Elevated caution warranted. Consider reducing exposure to volatile assets.
2025-12-06,48.69053662589577,9.703687122560577,30.15242680907249,2.351353961167503,6.483068733095195,3,Partial Rebalancing,Elevated caution warranted. Consider reducing exposure to volatile assets.
2025-12-07,42.345567977422974,10.055055036736448,23.36084634065628,2.3601817408064667,6.569484859223775,3,Partial Rebalancing,Elevated caution warranted. Consider reducing exposure to volatile assets.
2025-12-08,48.20533522568432,10.355843517969841,28.899171426892277,2.230144006306761,6.720176274515443,3,Partial Rebalancing,Elevated caution warranted. Consider reducing exposure to volatile assets.
2025-12-09,38.756124111572404,8.957239023410992,22.428171038627625,2.1656812031653785,5.20503284636841,3,Partial Rebalancing,Elevated caution warranted. Consider reducing exposure to volatile assets.
2025-12-10,45.38171339103754,8.444037737888824,31.92912541329861,1.8675254154543794,3.1410248243957275,3,Partial Rebalancing,Elevated caution warranted. Consider reducing exposure to volatile assets.
2025-12-11,30.62605991687248,7.91978646539426,18.529525373131037,1.5960891553310896,2.580658923016094,2,Maintain Positions,Market is stable. Hold current allocations with normal monitoring.
2025-12-12,30.653890122942716,7.768459516608968,19.1297290364746,1.333832704813869,2.4218688650452798,2,Maintain Positions,Market is stable. Hold current allocations with normal monitoring.
2025-12-13,29.38025922869187,6.939706276237581,19.148274614242837,1.417299248489541,1.8749790897219112,2,Maintain Positions,Market is stable. Hold current allocations with normal monitoring.
2025-12-14,28.31542500730641,6.436795816624979,19.160309563856572,0.824673931415193,1.893645695409662,2,Maintain Positions,Market is stable. Hold current allocations with normal monitoring.
2025-12-15,28.62548364354984,5.721919121045437,19.141907116398215,1.142969039561733,2.6186883665444505,2,Maintain Positions,Market is stable. Hold current allocations with normal monitoring.
2025-12-16,29.07617688037545,5.845868817757474,19.167872897349298,1.2706224714247036,2.7918126938439727,2,Maintain Positions,Market is stable. Hold current allocations with normal monitoring.
2025-12-17,27.536436059087954,5.171789507736022,19.16527224308811,0.928901380641219,2.270472927622603,2,Maintain Positions,Market is stable. Hold current allocations with normal monitoring.
2025-12-18,28.097417687670653,5.237540303002227,19.174826126080006,1.2104041447618619,2.474647113826555,2,Maintain Positions,Market is stable. Hold current allocations with normal monitoring.
2025-12-19,27.86941663948826,5.220212137274752,19.17527877446264,1.3088798423715824,2.1650458853792904,2,Maintain Positions,Market is stable. Hold current allocations with normal monitoring.
2025-12-20,28.594640906408642,5.150686199461152,19.087078982964158,0.8837230116575955,3.4731527123257373,2,Maintain Positions,Market is stable. Hold current allocations with normal monitoring.
2025-12-21,29.771960070191497,5.863312521312231,19.095748080406338,0.8446153719996824,3.9682840964732438,2,Maintain Positions,Market is stable. Hold current allocations with normal monitoring.
2025-12-22,29.7327900378941,6.416267611506197,18.98003113642335,0.807847802569182,3.5286434873953745,2,Maintain Positions,Market is stable. Hold current allocations with normal monitoring.
2025-12-23,29.69872944467118,7.059196037151269,18.94802862033248,0.8216750874799409,2.8698296997074904,2,Maintain Positions,Market is stable. Hold current allocations with normal monitoring.
2025-12-24,30.236553703229312,7.375956333165989,18.974320005625486,0.9954665355016064,2.8908108289362318,2,Maintain Positions,Market is stable. Hold current allocations with normal monitoring.
2025-12-25,29.610008155191018,7.461665430373853,18.949218939058483,0.9576262343676974,2.241497551390984,2,Maintain Positions,Market is stable. Hold current allocations with normal monitoring.
2025-12-26,29.855621132824183,7.63698312933882,19.014404902234674,1.023770867161614,2.1804622340890787,2,Maintain Positions,Market is stable. Hold current allocations with normal monitoring.
2025-12-27,28.45555642299404,8.573625443796315,18.870365253649652,1.01156572554807,0.0,2,Maintain Positions,Market is stable. Hold current allocations with normal monitoring.
2025-12-28,28.395487979139492,8.247527451718666,19.07508371118456,0.9312864591109065,0.1415903571253572,2,Maintain Positions,Market is stable. Hold current allocations with normal monitoring.
2025-12-29,28.690318196525695,8.660740061149204,19.008603658992797,0.9287380972937009,0.09223637908999235,2,Maintain Positions,Market is stable. Hold current allocations with normal monitoring.
2025-12-30,28.558174748346964,8.42102041392468,18.870415060780942,1.0355020847255758,0.23123718891576514,2,Maintain Positions,Market is stable. Hold current allocations with normal monitoring.
2025-12-31,28.8929024350214,8.640126957700888,18.943108894862235,0.8339308191714585,0.475735763286822,2,Maintain Positions,Market is stable. Hold current allocations with normal monitoring.
2026-01-01,29.715157678581004,8.774910388278261,18.880678785033524,0.9772420957255604,1.0823264095436589,2,Maintain Positions,Market is stable. Hold current allocations with normal monitoring.
2026-01-02,30.86987623716931,8.842529005487721,19.075284162070602,0.7837743308241855,2.1682887387868024,2,Maintain Positions,Market is stable. Hold current allocations with normal monitoring.
2026-01-03,30.07855335634698,8.040817265133535,18.938354465179145,0.452465088125682,2.6469165379086195,2,Maintain Positions,Market is stable. Hold current allocations with normal monitoring.
2026-01-04,29.176579587008426,7.067296889521012,19.036802497692406,0.34447025778888,2.7280099420061297,2,Maintain Positions,Market is stable. Hold current allocations with normal monitoring.
2026-01-05,28.461165707619607,6.035752618528797,19.150653328513727,0.218391563251638,3.0563681973254457,2,Maintain Positions,Market is stable. Hold current allocations with normal monitoring.
2026-01-06,28.227404635751906,6.088515755854904,18.9358750609681,0.0,3.203013818928902,2,Maintain Positions,Market is stable. Hold current allocations with normal monitoring.
2026-01-07,28.397393133509976,6.004129996759673,18.734938587993383,0.041510802156281994,3.6168137466006365,2,Maintain Positions,Market is stable. Hold current allocations with normal monitoring.
2026-01-08,30.007989947401057,5.415160924352713,19.017416620161384,0.4263384356571735,5.149073967229789,2,Maintain Positions,Market is stable. Hold current allocations with normal monitoring.
2026-01-09,29.383849556442215,4.604461824454396,18.887242667376995,0.47003837086362904,5.422106693747194,2,Maintain Positions,Market is stable. Hold current allocations with normal monitoring.
2026-01-10,28.81104327977144,3.8111089570475536,19.154036668594927,0.5464734565153605,5.2994241976135985,2,Maintain Positions,Market is stable. Hold current allocations with normal monitoring.
2026-01-11,28.83323312258853,3.914652312901719,19.145278200274333,0.556514764402425,5.216787845010055,2,Maintain Positions,Market is stable. Hold current allocations with normal monitoring.
2026-01-12,28.80658819166844,3.744652488351435,19.148055632365867,0.4962529017518909,5.417627169199244,2,Maintain Positions,Market is stable. Hold current allocations with normal monitoring.
2026-01-13,25.433501590921768,2.99164941458406,19.153438583714887,0.4458514393746375,2.8425621532481813,2,Maintain Positions,Market is stable. Hold current allocations with normal monitoring.
2026-01-14,29.615601393416007,4.299013321730466,18.465450258925557,0.0,6.851137812759983,2,Maintain Positions,Market is stable. Hold current allocations with normal monitoring.
2026-01-15,29.790597173352815,5.437392278368412,18.7235049828887,0.0,5.629699912095704,2,Maintain Positions,Market is stable. Hold current allocations with normal monitoring.
2026-01-16,31.944043076679797,6.450626306996799,19.02443044539541,0.22002659968978197,6.248959724597805,2,Maintain Positions,Market is stable. Hold current allocations with normal monitoring.
2026-01-17,33.18650351968215,7.40497366384861,19.12866995856166,0.23065723029820048,6.422202666973686,2,Maintain Positions,Market is stable. Hold current allocations with normal monitoring.
2026-01-18,33.892509017567654,7.932697845542991,19.069751544855535,0.2950663618551435,6.594993265313983,2,Maintain Positions,Market is stable. Hold current allocations with normal monitoring.
2026-01-19,35.58099406281344,8.632842048713337,18.72937352117151,0.5033217424100279,7.715456750518564,3,Partial Rebalancing,Elevated caution warranted. Consider reducing exposure to volatile assets.
2026-01-20,36.5244873689914,9.11021057186989,18.7475449424237,0.6879835940341935,7.978748260663611,3,Partial Rebalancing,Elevated caution warranted. Consider reducing exposure to volatile assets.
2026-01-21,33.809334972713934,7.863437215236416,19.124250333523378,1.344470544355527,5.477176879598614,2,Maintain Positions,Market is stable. Hold current allocations with normal monitoring.
2026-01-22,32.01332062126886,6.840996886486038,19.132836611941457,1.183426259954295,4.85606086288707,2,Maintain Positions,Market is stable. Hold current allocations with normal monitoring.
2026-01-23,31.401005124541374,5.963483839467525,19.150201535783708,1.1696561789942428,5.117663570295901,2,Maintain Positions,Market is stable. Hold current allocations with normal monitoring.
2026-01-24,30.840310532267754,5.399501719385927,19.136878828983754,1.1744494453208023,5.129480538577269,2,Maintain Positions,Market is stable. Hold current allocations with normal monitoring.
2026-01-25,30.417190959209407,4.878845835340439,19.157897585071623,1.2117956538803956,5.168651884916948,2,Maintain Positions,Market is stable. Hold current allocations with normal monitoring.
2026-01-26,30.86301771626573,4.73740220808388,19.163733266294003,1.617312328309737,5.344569913578114,2,Maintain Positions,Market is stable. Hold current allocations with normal monitoring.
2026-01-27,31.036816047546495,4.537504688481537,18.8574158558622,1.3452404813860304,6.296655021816727,2,Maintain Positions,Market is stable. Hold current allocations with normal monitoring.
2026-01-28,27.911682903317338,3.8016811543167637,19.156518867937848,1.206639044143665,3.746843836919063,2,Maintain Positions,Market is stable. Hold current allocations with normal monitoring.
2026-01-29,27.50016985662485,3.583125611063206,19.161012568045408,1.2131527557789328,3.542878921737306,2,Maintain Positions,Market is stable. Hold current allocations with normal monitoring.
2026-01-30,31.349702617265013,4.959828341398106,18.669760089367628,1.9231506420906985,5.79696354440858,2,Maintain Positions,Market is stable. Hold current allocations with normal monitoring.
2026-01-31,32.5759559863902,6.038983532881668,18.781482309103012,1.9894283913909927,5.766061753014528,2,Maintain Positions,Market is stable. Hold current allocations with normal monitoring.
2026-02-01,40.12354825027114,8.926690734076205,21.552612781524658,2.826874623041904,6.8173701116283745,3,Partial Rebalancing,Elevated caution warranted. Consider reducing exposure to volatile assets.
2026-02-02,52.84977879605493,10.360572594537702,32.660987228155136,3.1034701380508465,6.724748835311248,4,Reduce Positions,Increasing risk signals detected. Reduce position sizes and increase hedging.
2026-02-03,40.70167968454533,11.997959639846101,19.161657691001892,2.8204112835642974,6.721651070133039,3,Partial Rebalancing,Elevated caution warranted. Consider reducing exposure to volatile assets.
2026-02-04,54.64327952781482,13.510807880033335,31.662226468324658,3.3041922894708993,6.166052889985928,4,Reduce Positions,Increasing risk signals detected. Reduce position sizes and increase hedging.
2026-02-05,45.10920121506835,14.926364469480559,20.582208186388016,3.685604684877816,5.91502387432196,3,Partial Rebalancing,Elevated caution warranted. Consider reducing exposure to volatile assets.
2026-02-06,63.271992925814054,18.944369229385327,31.394484452903267,5.281136749026314,7.652002494499145,4,Reduce Positions,Increasing risk signals detected. Reduce position sizes and increase hedging.
2026-02-07,57.92744286273902,22.931835030904846,20.90049922466278,4.0951086196028665,9.99999998756852,4,Reduce Positions,Increasing risk signals detected. Reduce position sizes and increase hedging.
2026-02-08,68.10900436003624,22.88590855779224,31.259209066629406,4.2848584603107565,9.679028275303843,5,Defensive Positioning,"High risk environment. Move to defensive assets, minimize exposure."
2026-02-09,58.70149668425678,23.91581167501586,20.963848680257797,4.0922605298727435,9.729575799110377,4,Reduce Positions,Increasing risk signals detected. Reduce position sizes and increase hedging.
2026-02-10,69.69214184348465,24.49775970737464,31.485023908317086,4.161218870371836,9.548139357421082,5,Defensive Positioning,"High risk environment. Move to defensive assets, minimize exposure."
2026-02-11,62.269598446866475,25.932126633236244,22.52960443496704,4.36478456881314,9.443082809850047,4,Reduce Positions,Increasing risk signals detected. Reduce position sizes and increase hedging.
2026-02-12,73.46705093031947,27.764830596275836,31.662434563040737,4.649657862398083,9.390127908604807,5,Defensive Positioning,"High risk environment. Move to defensive assets, minimize exposure."
2026-02-13,53.278414935334744,24.696573315813055,17.798279523849487,4.76609240261003,6.017469693062173,4,Reduce Positions,Increasing risk signals detected. Reduce position sizes and increase hedging.
2026-02-14,58.54901788416344,21.383808154878086,31.183099858462807,4.197206864192478,1.784903006630067,4,Reduce Positions,Increasing risk signals detected. Reduce position sizes and increase hedging.
2026-02-15,44.14623308030262,19.549119205662382,18.81686821579933,4.043897417011102,1.7363482418298106,3,Partial Rebalancing,Elevated caution warranted. Consider reducing exposure to volatile assets.
2026-02-16,56.06608396402903,17.522373358437466,32.733709551393986,4.161368833761032,1.6486322204365558,4,Reduce Positions,Increasing risk signals detected. Reduce position sizes and increase hedging.
2026-02-17,43.949963969990186,15.499938009223303,22.820220440626144,3.975072830901426,1.6547326892393206,3,Partial Rebalancing,Elevated caution warranted. Consider reducing exposure to volatile assets.
2026-02-18,47.379898734613995,13.184395108416311,28.44885446131229,4.062676772400532,1.6839723924848593,3,Partial Rebalancing,Elevated caution warranted. Consider reducing exposure to volatile assets.
2026-02-19,36.34425897918395,10.388393497310183,20.655648410320282,3.855015183391872,1.4452018881616133,3,Partial Rebalancing,Elevated caution warranted. Consider reducing exposure to volatile assets.
2026-02-20,44.882074084780825,8.56902733363256,31.110417433083054,3.777480604121601,1.4251487139436156,3,Partial Rebalancing,Elevated caution warranted. Consider reducing exposure to volatile assets.
2026-02-21,32.931827180260406,7.517507512336507,21.302682161331177,3.601121607247009,0.510515899345715,2,Maintain Positions,Market is stable. Hold current allocations with normal monitoring.
2026-02-22,42.94049824803314,7.143558853170275,31.904809102416035,3.5958921498430994,0.29623814260372394,3,Partial Rebalancing,Elevated caution warranted. Consider reducing exposure to volatile assets.
2026-02-23,30.370591355911788,7.4035459238497285,19.162155240774155,3.635327671651492,0.16956251963641458,2,Maintain Positions,Market is stable. Hold current allocations with normal monitoring.
2026-02-24,44.79187236188668,7.818159957561706,31.63065500557423,4.1410600082903555,1.2019973904603893,3,Partial Rebalancing,Elevated caution warranted. Consider reducing exposure to volatile assets.
2026-02-25,35.41266475585803,7.975376510360909,22.092987298965454,4.2257155663795425,1.1185853801521277,3,Partial Rebalancing,Elevated caution warranted. Consider reducing exposure to volatile assets.
2026-02-26,45.60102325412263,10.147065341666318,29.178043380379673,3.5744099275014043,2.701504604575231,3,Partial Rebalancing,Elevated caution warranted. Consider reducing exposure to volatile assets.
2026-02-27,35.95071351486563,10.887449221965682,18.67170885205269,3.6494829089731367,2.7420725318741312,3,Partial Rebalancing,Elevated caution warranted. Consider reducing exposure to volatile assets.
2026-02-28,50.38181797172541,10.945368210978277,33.30966917797923,3.314353975534431,2.81242660723348,4,Reduce Positions,Increasing risk signals detected. Reduce position sizes and increase hedging.
2026-03-01,41.70053669168298,11.261529779227054,24.380107820034027,3.0543668977754748,3.0045321946464205,3,Partial Rebalancing,Elevated caution warranted. Consider reducing exposure to volatile assets.
2026-03-02,46.169496690429256,10.880166120808722,29.71056036651134,2.48594908183906,3.0928211212701364,3,Partial Rebalancing,Elevated caution warranted. Consider reducing exposure to volatile assets.
2026-03-03,34.396273193333045,10.855809596188491,18.621914237737656,1.8859811500893706,3.0325682093175264,2,Maintain Positions,Market is stable. Hold current allocations with normal monitoring.
2026-03-04,45.531712251346214,10.628460122466981,29.86432515084743,1.989275906492436,3.0496510715393637,3,Partial Rebalancing,Elevated caution warranted. Consider reducing exposure to volatile assets.
2026-03-05,42.599608410331086,9.22554776283136,29.781165495514866,0.588820893289287,3.004074258695575,3,Partial Rebalancing,Elevated caution warranted. Consider reducing exposure to volatile assets.
2026-03-06,43.50348406958251,8.654637675503633,31.047571971899547,0.470937515542308,3.330336906637021,3,Partial Rebalancing,Elevated caution warranted. Consider reducing exposure to volatile assets.
2026-03-07,29.678079729289493,8.595838395806469,16.49149568524845,0.9332945642891459,3.657451083945427,2,Maintain Positions,Market is stable. Hold current allocations with normal monitoring.
2026-03-08,29.906047552946415,7.948089413297492,15.81995836645365,1.1143380614584888,5.023661711736782,2,Maintain Positions,Market is stable. Hold current allocations with normal monitoring.
2026-03-09,33.50805754726036,7.762548145508489,17.350366834551096,1.3692651689649016,7.02587739823587,2,Maintain Positions,Market is stable. Hold current allocations with normal monitoring.
2026-03-10,32.49177350858014,7.276751468224592,18.005499199032784,0.8690934589503795,6.340429382372381,2,Maintain Positions,Market is stable. Hold current allocations with normal monitoring.
2026-03-11,32.08477288472714,7.1271235716761145,17.92964867502451,0.5752243229378821,6.452776315088629,2,Maintain Positions,Market is stable. Hold current allocations with normal monitoring.
2026-03-12,28.658866973575886,5.906043438073469,18.109777469187975,0.5042574172813424,4.138788649033103,2,Maintain Positions,Market is stable. Hold current allocations with normal monitoring.
2026-03-13,27.568482920256535,5.246111655447191,18.010006614029408,0.438699229219413,3.8736654215605237,2,Maintain Positions,Market is stable. Hold current allocations with normal monitoring.
2026-03-14,26.633183108512114,5.254952224659936,18.485678864642978,0.351828802129485,2.5407232170797114,2,Maintain Positions,Market is stable. Hold current allocations with normal monitoring.
2026-03-15,26.95143466432718,5.557633326265754,18.940545913763344,0.2998500890134245,2.153405335284657,2,Maintain Positions,Market is stable. Hold current allocations with normal monitoring.
2026-03-16,23.442731459127153,6.184457149240206,16.013346940279007,0.0,1.2449273696079404,2,Maintain Positions,Market is stable. Hold current allocations with normal monitoring.
2026-03-17,39.5334541455889,8.268096520856032,30.506613403558728,0.0,0.7587442211741393,3,Partial Rebalancing,Elevated caution warranted. Consider reducing exposure to volatile assets.
2026-03-18,25.405931116007856,8.765663859739012,15.026723474264147,0.1867271083341825,1.4268166736705166,2,Maintain Positions,Market is stable. Hold current allocations with normal monitoring.
2026-03-19,29.052386711194124,9.20362548435333,16.024638555943966,0.7218222586698885,3.102300412226938,2,Maintain Positions,Market is stable. Hold current allocations with normal monitoring.
2026-03-20,25.349458521614373,9.027775436313227,11.898659870028498,0.999229337338242,3.4237938779344073,2,Maintain Positions,Market is stable. Hold current allocations with normal monitoring.
2026-03-21,29.624226164776154,8.029530798701348,17.227370470762253,0.862736417268351,3.5045884780442034,2,Maintain Positions,Market is stable. Hold current allocations with normal monitoring.
2026-03-22,30.40054137671012,7.711423147608341,17.67280698940158,1.227241324964898,3.7890699147353035,2,Maintain Positions,Market is stable. Hold current allocations with normal monitoring.
2026-03-23,29.067175516205882,6.274329347226929,18.160041144117713,1.404510951262212,3.2282940735990295,2,Maintain Positions,Market is stable. Hold current allocations with normal monitoring.
2026-03-24,27.240103611706605,4.178038017114754,18.274197263643146,0.794566896831321,3.9933014341173845,2,Maintain Positions,Market is stable. Hold current allocations with normal monitoring.
2026-03-25,26.15137051410365,3.095018771825205,18.211531221866608,0.8683697800658414,3.9764507403459968,2,Maintain Positions,Market is stable. Hold current allocations with normal monitoring.
2026-03-26,24.87871170892013,2.5595794268246475,17.99954529106617,0.711121913383575,3.6084650776457354,2,Maintain Positions,Market is stable. Hold current allocations with normal monitoring.
2026-03-27,26.785911984289573,3.071453160944361,18.458862939849496,1.2157068806027682,4.039889002892948,2,Maintain Positions,Market is stable. Hold current allocations with normal monitoring.
2026-03-28,28.8582447725859,3.694224745250436,18.64594680443406,1.7106619532510925,4.807411269650304,2,Maintain Positions,Market is stable. Hold current allocations with normal monitoring.
2026-03-29,28.745378801320484,3.7984742677236243,18.63442069105804,1.7106521031840707,4.601831739354751,2,Maintain Positions,Market is stable. Hold current allocations with normal monitoring.
2026-03-30,29.468406013009833,4.4205657092374215,18.63442069105804,1.7809122707606833,4.632507341953689,2,Maintain Positions,Market is stable. Hold current allocations with normal monitoring.
2026-03-31,27.326323450378318,3.8018714442126447,19.070310440845788,1.6348669731311565,2.8192745921887292,2,Maintain Positions,Market is stable. Hold current allocations with normal monitoring.
2026-04-01,27.60098243898991,3.886837812587959,18.809069429524243,1.3277749321995929,3.577300264678115,2,Maintain Positions,Market is stable. Hold current allocations with normal monitoring.
2026-04-02,27.742337047007993,3.6942954388239357,19.034532035700977,1.356384061648428,3.657125510834652,2,Maintain Positions,Market is stable. Hold current allocations with normal monitoring.
2026-04-03,27.86322822013135,4.216778971794729,19.16124673979357,1.5963160198110988,2.8888864887319565,2,Maintain Positions,Market is stable. Hold current allocations with normal monitoring.
2026-04-04,26.721609357973865,4.239292099885687,19.07945326017216,1.5866924886449985,1.8161715092710182,2,Maintain Positions,Market is stable. Hold current allocations with normal monitoring.
2026-04-05,26.810207483489748,4.320453472125535,19.08305720379576,1.513642657959747,1.893054149608707,2,Maintain Positions,Market is stable. Hold current allocations with normal monitoring.
2026-04-06,26.896722587949295,4.17245107458275,18.970532968640327,1.176750101885535,2.576988442840684,2,Maintain Positions,Market is stable. Hold current allocations with normal monitoring.
2026-04-07,27.24847639690328,4.317532251271575,19.083932772744447,1.2010544498042774,2.645956923082979,2,Maintain Positions,Market is stable. Hold current allocations with normal monitoring.
2026-04-08,28.919231052794363,5.624176022732641,18.72657102253288,0.5775978381574605,3.990886169371382,2,Maintain Positions,Market is stable. Hold current allocations with normal monitoring.
2026-04-09,30.549943243751763,6.323842420003411,18.969047881662846,0.7496321305969694,4.507420811488542,2,Maintain Positions,Market is stable. Hold current allocations with normal monitoring.
2026-04-10,29.056923070005507,5.490230400125738,19.147476111073047,0.6186504551328421,3.80056610367388,2,Maintain Positions,Market is stable. Hold current allocations with normal monitoring.
2026-04-11,28.24822510218447,5.065649189621367,19.15914558293298,0.3778026503761905,3.645627679253935,2,Maintain Positions,Market is stable. Hold current allocations with normal monitoring.
2026-04-12,27.75766660650693,4.540622430796115,19.11066146986559,0.36153591442095745,3.744846791424264,2,Maintain Positions,Market is stable. Hold current allocations with normal monitoring.
2026-04-13,29.037340433433055,4.437715278223927,18.900059235282242,0.8218339052943059,4.877732014632581,2,Maintain Positions,Market is stable. Hold current allocations with normal monitoring.
2026-04-14,44.397286819278975,6.260924970757316,32.22717024385929,0.0688339159626,5.840357688699765,3,Partial Rebalancing,Elevated caution warranted. Consider reducing exposure to volatile assets.
2026-04-15,45.22590580262778,5.600368663768765,34.477308937337455,0.13566471529071297,5.012563486230848,3,Partial Rebalancing,Elevated caution warranted. Consider reducing exposure to volatile assets.
2026-04-16,45.122124308556934,5.98298091686164,34.22311364673056,0.0,4.916029744964735,3,Partial Rebalancing,Elevated caution warranted. Consider reducing exposure to volatile assets.
2026-04-17,42.846483501607075,7.650563658034132,30.242552682757374,0.0,4.953367160815568,3,Partial Rebalancing,Elevated caution warranted. Consider reducing exposure to volatile assets.
2026-04-18,36.40722778469408,9.427803491324633,21.605783849954605,0.0,5.373640443414843,3,Partial Rebalancing,Elevated caution warranted. Consider reducing exposure to volatile assets.
2026-04-19,46.757831251998475,10.941181766352969,29.669867157936093,0.2722704757510755,5.87451185195833,3,Partial Rebalancing,Elevated caution warranted. Consider reducing exposure to volatile assets.
2026-04-20,41.093030017408125,12.167971862155044,22.949511408805847,0.6364166431277924,5.33913010331944,3,Partial Rebalancing,Elevated caution warranted. Consider reducing exposure to volatile assets.
2026-04-21,44.45863678642956,11.19520891360192,29.357717508780706,0.24385888018992152,3.6618514838570158,3,Partial Rebalancing,Elevated caution warranted. Consider reducing exposure to volatile assets.
2026-04-22,31.084141911839385,11.166587940587705,16.1175352318179,0.15134325665233347,3.6486754827814454,2,Maintain Positions,Market is stable. Hold current allocations with normal monitoring.
2026-04-23,30.16049241592027,10.809236497234329,15.07363505303078,0.0,4.277620865655163,2,Maintain Positions,Market is stable. Hold current allocations with normal monitoring.
2026-04-24,29.789507548849777,9.362016850137934,16.10701198875904,0.0,4.320478709952801,2,Maintain Positions,Market is stable. Hold current allocations with normal monitoring.
2026-04-25,30.92287815144197,7.759166595696847,19.091380438301712,0.1563668311854675,3.9159642862579442,2,Maintain Positions,Market is stable. Hold current allocations with normal monitoring.
2026-04-26,29.766486583932604,6.797021568378934,19.121404147706926,0.1229503002693915,3.7251105675773513,2,Maintain Positions,Market is stable. Hold current allocations with normal monitoring.
2026-04-27,28.146328259591286,6.476726523969619,19.078719957731664,0.0,2.5908817778900053,2,Maintain Positions,Market is stable. Hold current allocations with normal monitoring.
2026-04-28,28.054277391647396,6.069752106417059,19.159378002630547,0.244864474720713,2.580282807879078,2,Maintain Positions,Market is stable. Hold current allocations with normal monitoring.
2026-04-29,28.420525121882577,5.969351213714646,19.13325933692977,0.438660446039121,2.8792541251990413,2,Maintain Positions,Market is stable. Hold current allocations with normal monitoring.
2026-04-30,27.281030373162547,6.083304430209118,19.142034380463883,0.54744144473094,1.5082501177586056,2,Maintain Positions,Market is stable. Hold current allocations with normal monitoring.
2026-05-01,27.66020763345145,6.272552305408336,19.156317276181653,0.4498464095812679,1.7814916422801925,2,Maintain Positions,Market is stable. Hold current allocations with normal monitoring.
2026-05-02,28.713607244075227,6.610841469448814,19.15241552470252,0.09022518114314249,2.860125068780752,2,Maintain Positions,Market is stable. Hold current allocations with normal monitoring.
2026-05-03,28.786862329134404,6.635256141950496,19.14840292953886,0.0,3.003203257645047,2,Maintain Positions,Market is stable. Hold current allocations with normal monitoring.
2026-05-04,28.143728519292097,6.2436443275518165,19.145471789641306,0.017696515434070498,2.736915886664902,2,Maintain Positions,Market is stable. Hold current allocations with normal monitoring.
2026-05-05,28.91341846957549,7.375735174356144,19.116325930925086,0.0,2.421357364294259,2,Maintain Positions,Market is stable. Hold current allocations with normal monitoring.
2026-05-06,28.78432960928337,8.070102108573979,18.960392556167562,0.0,1.7538349445418309,2,Maintain Positions,Market is stable. Hold current allocations with normal monitoring.
2026-05-07,44.62657096199167,9.343028316014202,34.267946584150195,0.0,1.0155960618272737,3,Partial Rebalancing,Elevated caution warranted. Consider reducing exposure to volatile assets.
2026-05-08,47.323006438149726,10.245880495634681,33.949294704943895,0.2584502284113,2.8693810091598535,3,Partial Rebalancing,Elevated caution warranted. Consider reducing exposure to volatile assets.
2026-05-09,47.306888173423815,11.473909925591888,33.518571238964796,0.22768133761308448,2.0867256712540407,3,Partial Rebalancing,Elevated caution warranted. Consider reducing exposure to volatile assets.
2026-05-10,48.042062668068965,12.273413959349357,33.54118589311838,0.11511217477503449,2.112350640826191,3,Partial Rebalancing,Elevated caution warranted. Consider reducing exposure to volatile assets.
