date,hmm_state,hmm_regime,xgb_regime,blended_regime_score,blended_regime,hmm_prob_state_0,hmm_prob_state_1,hmm_prob_state_2
2025-06-10,1,Bear,Bear,0.22115804255008698,Bear,0.0,1.0,0.0
2025-06-11,0,Bull,Bull,0.48624780774116516,Sideways,1.0,9.34459380102759e-71,7.198205852104926e-85
2025-06-12,1,Bear,Bear,0.09809236973524094,Bear,4.593741732574926e-80,1.0,1.0254072526522353e-82
2025-06-13,0,Bull,Bull,0.33252713084220886,Sideways,0.9999999816300262,1.8370002994825515e-08,5.492459342389168e-81
2025-06-14,1,Bear,Bear,0.10453933477401733,Bear,1.970910471250392e-25,1.0,2.6243371491706914e-73
2025-06-15,1,Bear,Bear,0.08046461641788483,Bear,9.32713796299567e-09,0.9999999906726771,3.0106626699380107e-80
2025-06-16,0,Bull,Bear,0.24725747108459473,Bear,0.8920857099089583,0.1079142900908402,3.512343056987913e-81
2025-06-17,1,Bear,Bear,0.0937928631901741,Bear,2.950464506604432e-14,1.0,7.508783874013848e-52
2025-06-18,2,Sideways,Sideways,0.461616469360888,Sideways,1.2643639008316566e-75,6.649912706317238e-23,1.0
2025-06-19,2,Sideways,Sideways,0.46371560338884593,Sideways,5.340005384345217e-61,2.7759733918349194e-31,1.0
2025-06-20,2,Sideways,Sideways,0.45508417980745436,Sideways,2.083798854322926e-69,1.8856052809373067e-45,1.0
2025-06-21,2,Sideways,Sideways,0.45395881524309517,Sideways,2.965012952751744e-48,1.2071110677524137e-17,1.0
2025-06-22,2,Sideways,Sideways,0.4546830395619509,Sideways,2.2814378847886826e-39,1.2196790142403107e-10,0.9999999998781277
2025-06-23,1,Bear,Bear,0.05480659008028442,Bear,5.830157568501316e-46,1.0,5.15391737515525e-14
2025-06-24,0,Bull,Bull,0.46418043971061707,Sideways,1.0,2.5947453735533023e-16,6.332483207160738e-20
2025-06-25,1,Bear,Bear,0.09929671139089909,Bear,2.9793004659741785e-28,0.9999999999872671,1.2553328200070944e-11
2025-06-26,0,Bull,Bull,0.3043756486572324,Bear,0.9991210594348259,0.000878940212357902,3.5266055445574565e-10
2025-06-27,1,Bear,Bear,0.1575609767508079,Bear,5.919099303355625e-10,0.9999998285257026,1.708824478673363e-07
2025-06-28,2,Sideways,Sideways,0.45913890841014465,Sideways,1.1948743243640907e-11,0.0004211209065209106,0.9995788790817013
2025-06-29,2,Sideways,Sideways,0.4585559915751219,Sideways,4.448225020351806e-32,1.655685158932379e-29,1.0
2025-06-30,2,Sideways,Sideways,0.45597303127869965,Sideways,6.109762521482893e-22,9.387397936684651e-26,1.0
2025-07-01,2,Sideways,Sideways,0.4552249603904784,Sideways,2.0252731503707916e-53,4.387185925138541e-52,1.0
2025-07-02,2,Sideways,Sideways,0.4534725263249129,Sideways,5.449843392707516e-52,3.4982460895076035e-42,1.0
2025-07-03,2,Sideways,Sideways,0.4582353437319398,Sideways,2.950151815549517e-25,1.7486788978399652e-19,1.0
2025-07-04,2,Sideways,Sideways,0.46371751818805934,Sideways,2.6011390405262006e-22,1.659287607637834e-21,1.0
2025-07-05,2,Sideways,Sideways,0.45637047551572324,Sideways,1.0855167201573665e-28,4.1691192421735754e-32,1.0
2025-07-06,2,Sideways,Sideways,0.45608611619099976,Sideways,6.364640688122192e-19,1.754259831019489e-31,1.0
2025-07-07,2,Sideways,Sideways,0.45533324386924506,Sideways,2.8646964658523305e-23,3.759462502558775e-26,1.0
2025-07-08,2,Sideways,Sideways,0.4568062865175307,Sideways,1.6725699804153127e-42,3.756630591817575e-27,1.0
2025-07-09,2,Sideways,Sideways,0.45979874189943076,Sideways,1.512702914505162e-35,2.453480807252429e-28,1.0
2025-07-10,2,Sideways,Sideways,0.4712822239811203,Sideways,2.6612524980035567e-39,7.50879960275211e-12,0.9999999999922693
2025-07-11,0,Bull,Bull,0.4179202020170418,Sideways,0.9999999999995453,5.697932386853754e-16,4.696596634790236e-13
2025-07-12,1,Bear,Bear,0.07422810792968347,Bear,6.951279540890588e-20,0.9999999999990905,1.0082976317809079e-12
2025-07-13,0,Bull,Bull,0.3175013694459403,Bear,0.9999408990978071,5.9093552097075785e-05,7.349960093614671e-09
2025-07-14,1,Bear,Bear,0.17309452754210575,Bear,3.3255429311420454e-14,0.9999999964247763,3.575200129774118e-09
2025-07-15,0,Bull,Bull,0.3688655793666852,Sideways,0.9995463441668687,0.0004536558333315079,2.7001193835554323e-15
2025-07-16,1,Bear,Bear,0.14772731065750122,Bear,3.842553073312808e-39,1.0,6.803167949173556e-24
2025-07-17,0,Bull,Bull,0.41340336203575134,Sideways,0.9999999998431122,1.5694108832080273e-10,8.089767609039295e-42
2025-07-18,1,Bear,Bear,0.20527289807796478,Bear,3.387356902677905e-70,1.0,1.2649782951046968e-33
2025-07-19,0,Bull,Bull,0.4254286289215088,Sideways,1.0,3.1572134660199457e-32,2.5033282420179643e-67
2025-07-20,1,Bear,Bear,0.1566394865512848,Bear,2.6197750322327895e-44,1.0,2.9801020577461023e-47
2025-07-21,0,Bull,Bull,0.4203904867172241,Sideways,0.9999999985461727,1.4538000130308817e-09,2.3554338740554785e-77
2025-07-22,1,Bear,Bear,0.12731514871120453,Bear,8.971371762642316e-21,1.0,2.346576575899974e-68
2025-07-23,0,Bull,Bull,0.4339686632156372,Sideways,0.9999999999972715,2.7302563781031936e-12,2.0581150491713056e-48
2025-07-24,1,Bear,Bear,0.09844285994768143,Bear,3.02580041695597e-53,1.0,2.0230479867306236e-32
2025-07-25,0,Bull,Bull,0.2610321640968337,Bear,0.999999997719442,2.28063435153743e-09,3.203349014952042e-15
2025-07-26,1,Bear,Bear,0.05460983205445982,Bear,1.2324872399174852e-30,0.9994923325907141,0.0005076674092340805
2025-07-27,2,Sideways,Sideways,0.45554370786974235,Sideways,2.6380498147832456e-13,3.015971526284085e-15,0.9999999999995453
2025-07-28,2,Sideways,Sideways,0.4578115467913449,Sideways,6.608130699972787e-33,4.8140664609321764e-33,1.0
2025-07-29,2,Sideways,Sideways,0.4529745474457741,Sideways,2.104216878174563e-40,2.6824362802010783e-25,1.0
2025-07-30,2,Sideways,Sideways,0.45277348095551134,Sideways,2.958497062173543e-32,1.0689384300526468e-32,1.0
2025-07-31,2,Sideways,Sideways,0.4533966440241784,Sideways,7.210340348121773e-31,2.4769054700986024e-31,1.0
2025-08-01,2,Sideways,Sideways,0.4533105604816228,Sideways,2.1291765587480577e-34,1.2187555357169889e-26,1.0
2025-08-02,2,Sideways,Sideways,0.4523131046909839,Sideways,1.35608779133871e-37,1.4564275202052576e-39,1.0
2025-08-03,2,Sideways,Sideways,0.4529737465083599,Sideways,7.938168692456481e-47,1.2782039603930578e-49,1.0
2025-08-04,2,Sideways,Sideways,0.4523283874616027,Sideways,3.366327826092904e-27,2.282655582992264e-38,1.0
2025-08-05,2,Sideways,Sideways,0.45425630994141103,Sideways,7.747103524625859e-39,8.350625670995345e-50,1.0
2025-08-06,2,Sideways,Sideways,0.452949996618554,Sideways,3.3372731936780404e-35,6.595079284973076e-36,1.0
2025-08-07,2,Sideways,Sideways,0.455216590128839,Sideways,4.623279564447578e-42,2.3397976841417983e-36,1.0
2025-08-08,2,Sideways,Sideways,0.4682024743407965,Sideways,2.155148475200187e-21,7.10272565621214e-20,1.0
2025-08-09,0,Bull,Bull,0.4052877724170685,Sideways,0.9999999999890861,1.0745455728685564e-11,8.106259516502673e-31
2025-08-10,1,Bear,Bear,0.16889965534210205,Bear,9.870586870679823e-51,1.0,3.179613140361849e-64
2025-08-11,0,Bull,Bull,0.38477036356925964,Sideways,1.0,1.9595397034752292e-20,1.5951656939589477e-72
2025-08-12,1,Bear,Bear,0.02565671317279339,Bear,2.797266066926804e-42,1.0,4.290466109423683e-49
2025-08-13,0,Bull,Bull,0.41011136770248413,Sideways,1.0,7.416787844013506e-18,0.0
2025-08-14,1,Bear,Bear,0.12274238467216492,Bear,3.7590858161258024e-74,1.0,7.508892366402351e-67
2025-08-15,0,Bull,Bull,0.3706025779247284,Sideways,0.9999999721217141,2.7878406684231614e-08,1.487825583485855e-63
2025-08-16,1,Bear,Bear,0.0982150286436081,Bear,2.740046995996717e-33,1.0,9.084217840303134e-42
2025-08-17,0,Bull,Bull,0.4050523638725281,Sideways,0.9999999998863132,1.1385344193532937e-10,1.6140827010373099e-27
2025-08-18,1,Bear,Bear,0.16846290230751038,Bear,1.5526028085665367e-45,1.0,1.5718326738703697e-99
2025-08-19,0,Bull,Bull,0.3653019666671753,Sideways,1.0,5.618346146558969e-28,1.980440305374229e-111
2025-08-20,1,Bear,Bear,0.07656317949295044,Bear,1.3921948071753006e-54,1.0,7.25060896208164e-88
2025-08-21,0,Bull,Bull,0.4048324227333069,Sideways,0.9999999999708962,2.924435575083997e-11,4.95797108680779e-129
2025-08-22,1,Bear,Bear,0.04058254137635231,Bear,1.7183350438453866e-86,1.0,2.820353361381648e-124
2025-08-23,0,Bull,Bull,0.4521130919456482,Sideways,1.0,7.000388612532988e-56,0.0
2025-08-24,1,Bear,Bear,0.11560063809156418,Bear,1.024046103519232e-64,1.0,5.517265901772912e-89
2025-08-25,0,Bull,Bull,0.42691436409950256,Sideways,0.9999999997717168,2.2839139273382672e-10,2.5030227347883437e-61
2025-08-26,1,Bear,Bear,0.06015458330512047,Bear,2.4053665404776568e-67,1.0,1.0625612255787771e-80
2025-08-27,0,Bull,Bull,0.38076379895210266,Sideways,0.9999803979078407,1.9602092299930485e-05,8.640314983344051e-74
2025-08-28,1,Bear,Bear,0.11366386711597443,Bear,3.0677508867527315e-16,1.0,6.02636861597546e-84
2025-08-29,0,Bull,Bull,0.4374215006828308,Sideways,0.9999999980745997,1.92540978920244e-09,1.561466395591695e-74
2025-08-30,1,Bear,Bear,0.027457628409450693,Bear,4.3805725958919567e-45,0.9999999999772626,2.2926694235392205e-11
2025-08-31,2,Sideways,Sideways,0.5295778930187225,Sideways,3.505724478716303e-37,3.2736673206412866e-15,1.0
2025-09-01,2,Sideways,Sideways,0.4812746874986033,Sideways,4.72823307350847e-39,3.041393856229306e-13,0.9999999999995453
2025-09-02,2,Sideways,Sideways,0.45312217767350377,Sideways,1.0879615352186133e-42,9.006683324377932e-33,1.0
2025-09-03,2,Sideways,Sideways,0.45254899566061796,Sideways,6.339669435740458e-51,1.1116554117794281e-45,1.0
2025-09-04,2,Sideways,Sideways,0.45341257196851076,Sideways,9.240049942059189e-60,4.6660279938840486e-36,1.0
2025-09-05,2,Sideways,Sideways,0.4526666671037674,Sideways,4.571807769240147e-71,7.136020479603259e-34,1.0
2025-09-06,2,Sideways,Sideways,0.4530168953817338,Sideways,1.657756187568946e-74,7.582376056094815e-32,1.0
2025-09-07,2,Sideways,Sideways,0.45306891975924374,Sideways,8.893259273944824e-74,3.93437848308955e-30,1.0
2025-09-08,2,Sideways,Sideways,0.45259338621981443,Sideways,7.352788991787249e-65,6.639964151790106e-29,1.0
2025-09-09,2,Sideways,Sideways,0.4527914671227336,Sideways,6.048527348926748e-61,4.317178746511073e-30,1.0
2025-09-10,2,Sideways,Sideways,0.45421816110610963,Sideways,4.374481447024294e-87,4.717306869685747e-27,1.0
2025-09-11,2,Sideways,Sideways,0.4525702340062708,Sideways,1.9047923064284163e-77,1.374095224870615e-38,1.0
2025-09-12,2,Sideways,Sideways,0.4529783544596285,Sideways,8.633188539994988e-146,2.8369889171625604e-42,1.0
2025-09-13,2,Sideways,Sideways,0.4542144539766014,Sideways,1.28087600086894e-150,9.529518178570651e-46,1.0
2025-09-14,2,Sideways,Sideways,0.45339618138968946,Sideways,5.669803726448236e-89,7.836178157911347e-46,1.0
2025-09-15,2,Sideways,Sideways,0.45342059042304755,Sideways,2.185649856212916e-153,2.483843150365937e-51,1.0
2025-09-16,2,Sideways,Sideways,0.453738509491086,Sideways,1.2069229835081688e-122,7.715608986797293e-51,1.0
2025-09-17,2,Sideways,Sideways,0.45291957310400904,Sideways,1.5360094692736147e-61,3.0977640965279865e-41,1.0
2025-09-18,2,Sideways,Sideways,0.45418740417808295,Sideways,8.855407307990584e-69,6.0728078150216e-36,1.0
2025-09-19,2,Sideways,Sideways,0.45384298874996604,Sideways,7.73839656835427e-40,7.511685554765133e-27,1.0
2025-09-20,2,Sideways,Sideways,0.45264143897220493,Sideways,8.509712912346293e-48,5.598540661797349e-36,1.0
2025-09-21,2,Sideways,Sideways,0.45259468727745117,Sideways,4.596252168208572e-47,1.3001636014893205e-55,1.0
2025-09-22,2,Sideways,Sideways,0.4530675732996315,Sideways,1.5220813891900896e-233,3.565073868752501e-99,1.0
2025-09-23,2,Sideways,Sideways,0.4561172852292657,Sideways,7.603508831706687e-240,8.654822734596194e-91,1.0
2025-09-24,2,Sideways,Sideways,0.45386059540323914,Sideways,1.79397295383787e-187,9.68116148716729e-76,1.0
2025-09-25,2,Sideways,Sideways,0.45214852136559786,Sideways,1.2681665736276953e-271,3.8757551055585774e-96,1.0
2025-09-26,2,Sideways,Sideways,0.4548685735091567,Sideways,1.3713946464077928e-289,2.070729850171123e-91,1.0
2025-09-27,2,Sideways,Sideways,0.45623904960229994,Sideways,2.3136916546297246e-142,1.144424613405872e-76,1.0
2025-09-28,2,Sideways,Sideways,0.45845075864344836,Sideways,7.597902108569326e-111,3.4875390324040607e-47,1.0
2025-09-29,2,Sideways,Sideways,0.4633877983316779,Sideways,7.289542421865983e-95,3.3917812298608407e-56,1.0
2025-09-30,2,Sideways,Sideways,0.4537793875671923,Sideways,4.054366428553995e-118,7.1899895018398e-52,1.0
2025-10-01,2,Sideways,Sideways,0.45346599449403585,Sideways,2.7159298309699305e-102,2.742556098123273e-38,1.0
2025-10-02,2,Sideways,Sideways,0.46599156111478807,Sideways,1.6535774950321926e-150,9.069213246936924e-54,1.0
2025-10-03,2,Sideways,Sideways,0.4628820864483714,Sideways,8.856313431832562e-180,5.562027664069972e-49,1.0
2025-10-04,2,Sideways,Sideways,0.45419446267187596,Sideways,1.2423284762775665e-159,7.102293305742006e-60,1.0
2025-10-05,2,Sideways,Sideways,0.4545048873871565,Sideways,3.1666969081467165e-203,2.5308442308497625e-73,1.0
2025-10-06,2,Sideways,Sideways,0.45313437334261836,Sideways,3.118469159430625e-169,2.1440164801332273e-72,1.0
2025-10-07,2,Sideways,Sideways,0.4549138139002025,Sideways,3.4867734699237806e-129,8.029285516769429e-49,1.0
2025-10-08,2,Sideways,Sideways,0.45651450315490366,Sideways,1.6663758600097948e-134,1.1180469092677053e-26,1.0
2025-10-09,2,Sideways,Sideways,0.45516661955043675,Sideways,3.447860404573586e-77,6.264512297091694e-24,1.0
2025-10-10,2,Sideways,Sideways,0.4545313616283238,Sideways,9.548167367260193e-59,2.64752746849459e-16,1.0
2025-10-11,1,Bear,Bear,0.08610571175813675,Bear,7.734173935533615e-91,1.0,3.1271960399885527e-58
2025-10-12,0,Bull,Bull,0.3955594003200531,Sideways,0.999999999911779,8.805743452694848e-11,2.779651844665975e-52
2025-10-13,1,Bear,Bear,0.14407262206077576,Bear,2.6524003345025323e-42,1.0,9.688164988189533e-142
2025-10-14,1,Bear,Bear,0.05225617438554764,Bear,1.3568111851880942e-43,1.0,4.477754364984817e-75
2025-10-15,1,Bear,Bear,0.022141726687550545,Bear,7.142350813481058e-49,1.0,8.171069214798022e-83
2025-10-16,1,Bear,Bear,0.03097870573401451,Bear,7.463734172635239e-43,1.0,8.573354543166879e-90
2025-10-17,1,Bear,Bear,0.049299392849206924,Bear,5.072158129956046e-47,1.0,9.462933593290727e-113
2025-10-18,0,Bull,Bull,0.33827799558639526,Sideways,0.9999998895796186,1.104202561840847e-07,1.9034780108095647e-55
2025-10-19,1,Bear,Bear,0.17380212247371674,Bear,2.283522104255399e-11,0.9999999999772626,1.4189207609408263e-37
2025-10-20,1,Bear,Bear,0.05274446308613132,Bear,1.63526584858483e-10,0.999999999836291,6.858653014268913e-15
2025-10-21,2,Sideways,Sideways,0.4620720790250423,Sideways,8.988226516987208e-14,1.6486164729932956e-05,0.9999835138350334
2025-10-22,2,Sideways,Sideways,0.4564211301505566,Sideways,9.626660240883048e-36,2.4565306666026663e-14,1.0
2025-10-23,2,Sideways,Sideways,0.4611117083579302,Sideways,1.3025683372922123e-38,1.800869771197222e-23,1.0
2025-10-24,2,Sideways,Sideways,0.4531939158216119,Sideways,8.522322880803222e-43,4.816807905066376e-21,1.0
2025-10-25,2,Sideways,Sideways,0.4534069682005793,Sideways,7.348476310602761e-69,1.7228131179138267e-26,1.0
2025-10-26,2,Sideways,Sideways,0.45403812201693655,Sideways,4.9016500319435084e-70,8.864663992914195e-29,1.0
2025-10-27,2,Sideways,Sideways,0.45501838326454164,Sideways,1.4807707868243166e-57,9.274585986103914e-17,1.0
2025-10-28,2,Sideways,Sideways,0.45379828922450544,Sideways,2.08659083128401e-80,3.5948660624885387e-19,1.0
2025-10-29,2,Sideways,Sideways,0.4572216233238578,Sideways,1.4330028101525571e-103,6.3070359092444794e-27,1.0
2025-10-30,2,Sideways,Sideways,0.45330190523527564,Sideways,6.273690340454131e-143,1.4432006830119234e-30,1.0
2025-10-31,2,Sideways,Sideways,0.4666593883186579,Sideways,5.678639347883361e-133,2.722543987192979e-18,1.0
2025-11-01,2,Sideways,Sideways,0.4540169875137508,Sideways,1.1914543966182412e-57,3.2330755765996983e-18,1.0
2025-11-02,2,Sideways,Sideways,0.4736232839524746,Sideways,2.6834493631408207e-90,2.0057298830996294e-21,1.0
2025-11-03,2,Sideways,Sideways,0.45291758752427996,Sideways,1.1901877625959727e-74,1.9322398753719904e-14,1.0
2025-11-04,1,Bear,Bear,0.025852145627141,Bear,7.503557510180747e-91,1.0,4.456772835727298e-22
2025-11-05,1,Bear,Bear,0.03408840298652649,Bear,2.007239787414125e-34,1.0,3.3453648408581554e-24
2025-11-06,0,Bull,Bull,0.44887620210647583,Sideways,0.9999926886965909,7.3113036197999865e-06,1.8343088953193035e-20
2025-11-07,1,Bear,Bear,0.07738113403320312,Bear,4.2113357616514194e-13,0.9999999999995453,3.614466129946196e-23
2025-11-08,1,Bear,Bear,0.18759235739707947,Bear,3.426626401319102e-32,1.0,4.884051177714668e-24
2025-11-09,0,Bull,Bull,0.42782074213027954,Sideways,0.999999999998181,1.725835521079717e-12,5.489874510001162e-18
2025-11-10,1,Bear,Bear,0.06831929832696915,Bear,2.6317252748980674e-67,1.0,5.674584274858143e-26
2025-11-11,0,Bull,Bull,0.4880644977092743,Sideways,1.0,2.363225671262993e-53,1.7297572889368693e-89
2025-11-12,1,Bear,Bear,0.1433023363351822,Bear,4.819320510398282e-69,1.0,4.525137133067197e-88
2025-11-13,0,Bull,Bull,0.37680134177207947,Sideways,0.9999999924352778,7.564543150137382e-09,4.261324037290454e-91
2025-11-14,1,Bear,Bear,0.06918700039386749,Bear,1.1430105580546425e-55,1.0,4.898315278700079e-91
2025-11-15,0,Bull,Bull,0.4024929702281952,Sideways,0.9999999999968168,3.1652231276984105e-12,9.843438399091156e-97
2025-11-16,1,Bear,Bear,0.20212262868881226,Bear,2.813991207715223e-32,1.0,1.2683487103821856e-83
2025-11-17,0,Bull,Bull,0.3618675470352173,Sideways,0.9999999999995453,3.0156466003649553e-13,1.0136665765958405e-77
2025-11-18,1,Bear,Bear,0.04663125053048134,Bear,3.2587145901582244e-32,1.0,5.3884084701681136e-39
2025-11-19,0,Bull,Bull,0.3047246038913727,Bear,0.9999996353395301,3.6466061943006415e-07,6.913724298582027e-29
2025-11-20,1,Bear,Bear,0.15854601562023163,Bear,1.112305508480676e-19,1.0,2.2455921812127606e-31
2025-11-21,0,Bull,Bull,0.3162209093570709,Bear,0.9999999804890651,1.9510962656905185e-08,4.052240191786669e-55
2025-11-22,1,Bear,Bear,0.0855053961277008,Bear,4.1953423266067235e-24,1.0,4.873150022295598e-53
2025-11-23,0,Bull,Bull,0.3649868071079254,Sideways,0.9991686741844915,0.0008313258156960304,1.426025797189831e-48
2025-11-24,1,Bear,Bear,0.09989794343709946,Bear,6.207848735230593e-12,0.9999999999936335,5.5562465364987615e-37
2025-11-25,0,Bull,Bull,0.42672812938690186,Sideways,0.9999997661743965,2.338254661425274e-07,5.0156215586544374e-26
2025-11-26,1,Bear,Bear,0.09824546426534653,Bear,8.81294554145829e-10,0.9999999991186996,1.822924125272088e-24
2025-11-27,1,Bear,Bear,0.04715899378422288,Bear,9.552058427671438e-06,0.999990447933361,8.022062991467585e-12
2025-11-28,2,Sideways,Sideways,0.4624677596613765,Sideways,5.218015054245842e-21,3.4640765219600357e-23,1.0
2025-11-29,2,Sideways,Sideways,0.4543103047646582,Sideways,1.5452430486857226e-47,7.350346212968019e-28,1.0
2025-11-30,2,Sideways,Sideways,0.4596441525965929,Sideways,7.690544893912985e-34,1.0741409194892991e-27,1.0
2025-12-01,2,Sideways,Sideways,0.4605417910963297,Sideways,2.313092040086108e-29,5.383954532812489e-22,1.0
2025-12-02,1,Bear,Bear,0.023550404235720655,Bear,1.1752927390723837e-38,1.0,4.8492386407019326e-17
2025-12-03,0,Bull,Bull,0.4469343423843384,Sideways,0.9999999999995453,2.740252798247987e-13,1.1807079767549646e-23
2025-12-04,1,Bear,Bear,0.14690852165222168,Bear,1.1034860337050228e-27,1.0,5.6583970903775175e-24
2025-12-05,0,Bull,Bull,0.37716594338417053,Sideways,0.9999225524908705,7.744750919905184e-05,2.1016982212780502e-28
2025-12-06,1,Bear,Bear,0.1385020911693573,Bear,5.118217143384486e-08,0.9999999488177322,1.97649843549159e-31
2025-12-07,0,Bull,Bull,0.33254724740982056,Sideways,0.9997352332756838,0.0002647667244833164,1.3447063235112922e-32
2025-12-08,1,Bear,Bear,0.1743093878030777,Bear,6.107287281564371e-18,1.0,7.5111152126958066e-31
2025-12-09,0,Bull,Bull,0.35919511318206787,Sideways,0.9999999922715688,7.72842052933022e-09,2.280751419816057e-25
2025-12-10,1,Bear,Bear,0.08773927390575409,Bear,2.213626867261336e-19,1.0,5.7183336005482915e-18
2025-12-11,2,Sideways,Sideways,0.47058498933911325,Sideways,2.5364853256576074e-73,5.432630385301976e-20,1.0
2025-12-12,2,Sideways,Sideways,0.45343631324358286,Sideways,3.820662960631742e-46,1.360910605291585e-20,1.0
2025-12-13,2,Sideways,Sideways,0.4529064395930618,Sideways,1.0337825710109634e-79,8.70903108431259e-42,1.0
2025-12-14,2,Sideways,Sideways,0.45256258388981224,Sideways,9.99160912513897e-99,8.414224196939544e-47,1.0
2025-12-15,2,Sideways,Sideways,0.45308836810290815,Sideways,8.156187903484396e-121,1.5714070741748967e-50,1.0
2025-12-16,2,Sideways,Sideways,0.4523464886471629,Sideways,6.276323443949314e-97,1.157153603678449e-44,1.0
2025-12-17,2,Sideways,Sideways,0.4524207930546254,Sideways,8.057034234087963e-147,2.688968083742341e-70,1.0
2025-12-18,2,Sideways,Sideways,0.4521478249691427,Sideways,9.059124287255161e-144,2.4124262455020205e-57,1.0
2025-12-19,2,Sideways,Sideways,0.4521348921582103,Sideways,2.0054909909109188e-162,1.4823151717805708e-61,1.0
2025-12-20,2,Sideways,Sideways,0.45465488620102407,Sideways,2.7433839699773663e-110,3.416774064498436e-31,1.0
2025-12-21,2,Sideways,Sideways,0.45440719770267607,Sideways,8.715143622515617e-165,6.063265432828321e-52,1.0
2025-12-22,2,Sideways,Sideways,0.45771339610219003,Sideways,4.6447274755175085e-74,7.962753103565276e-34,1.0
2025-12-23,2,Sideways,Sideways,0.4586277537047863,Sideways,3.772383994824928e-44,5.326021245279023e-28,1.0
2025-12-24,2,Sideways,Sideways,0.45787657126784326,Sideways,2.870377084450411e-35,7.095409730836227e-20,1.0
2025-12-25,2,Sideways,Sideways,0.4585937445983291,Sideways,1.566975768638961e-57,8.491045279144152e-30,1.0
2025-12-26,2,Sideways,Sideways,0.45673128850758077,Sideways,9.460470879743542e-65,6.106327233382411e-36,1.0
2025-12-27,2,Sideways,Sideways,0.4608467070385814,Sideways,1.8738747079147772e-90,4.6791638157491934e-63,1.0
2025-12-28,2,Sideways,Sideways,0.4549976082518697,Sideways,1.2209258789023652e-98,2.3081294004916928e-55,1.0
2025-12-29,2,Sideways,Sideways,0.4568970383144915,Sideways,6.785209898061911e-134,3.9815333626301786e-54,1.0
2025-12-30,2,Sideways,Sideways,0.46084528397768737,Sideways,1.5246350308380098e-147,8.02758369231684e-56,1.0
2025-12-31,2,Sideways,Sideways,0.45876831728965045,Sideways,1.0291937029434466e-143,2.1996811735286065e-53,1.0
2026-01-01,2,Sideways,Sideways,0.4605520347133279,Sideways,1.3345435898245895e-174,1.0890442859564026e-59,1.0
2026-01-02,2,Sideways,Sideways,0.4549918810836971,Sideways,1.1773753037457764e-163,2.2380197274186954e-91,1.0
2026-01-03,2,Sideways,Sideways,0.4589041581377387,Sideways,2.7635615610132238e-33,3.12912108616705e-36,1.0
2026-01-04,2,Sideways,Sideways,0.4560913572087884,Sideways,4.3016836128992105e-51,2.8465304192963476e-32,1.0
2026-01-05,2,Sideways,Sideways,0.45283847632817925,Sideways,5.082860286149142e-52,6.600540047017523e-31,1.0
2026-01-06,2,Sideways,Sideways,0.45897499825805427,Sideways,6.573313084324941e-54,1.472969749025572e-32,1.0
2026-01-07,2,Sideways,Sideways,0.4647160403430462,Sideways,1.7576978393137043e-39,2.8345188578322163e-26,1.0
2026-01-08,2,Sideways,Sideways,0.45664523942396046,Sideways,8.497133778897639e-46,2.2811797854375233e-39,1.0
2026-01-09,2,Sideways,Sideways,0.46036449521780015,Sideways,2.0574476798237776e-79,2.8271619669452295e-44,1.0
2026-01-10,2,Sideways,Sideways,0.4527418094687164,Sideways,1.9027810362650383e-85,2.494399195091925e-53,1.0
2026-01-11,2,Sideways,Sideways,0.45299205142073334,Sideways,5.621424291990473e-71,6.400482931737448e-58,1.0
2026-01-12,2,Sideways,Sideways,0.4529126962181181,Sideways,5.358334763967676e-81,4.3651597944227464e-58,1.0
2026-01-13,2,Sideways,Sideways,0.4527588976081461,Sideways,1.285271674938219e-54,1.7305844585058868e-45,1.0
2026-01-14,2,Sideways,Sideways,0.47241570688784124,Sideways,4.751780287864284e-82,1.1627448062805264e-73,1.0
2026-01-15,2,Sideways,Sideways,0.4650427147746086,Sideways,1.659167367945787e-63,1.4477686454528295e-49,1.0
2026-01-16,2,Sideways,Sideways,0.456444844417274,Sideways,5.280490261512712e-60,3.4347659179168544e-43,1.0
2026-01-17,2,Sideways,Sideways,0.45346657261252404,Sideways,3.550205878051521e-91,4.7595170015423765e-50,1.0
2026-01-18,2,Sideways,Sideways,0.45514995586127044,Sideways,6.447472210989045e-75,8.670896654255904e-58,1.0
2026-01-19,2,Sideways,Sideways,0.4648750422522426,Sideways,1.5376291177393037e-121,9.905694316490902e-85,1.0
2026-01-20,2,Sideways,Sideways,0.46435585878789426,Sideways,6.822000434210311e-138,5.0764236086254326e-104,1.0
2026-01-21,2,Sideways,Sideways,0.4535928476136178,Sideways,3.7555152554901707e-84,1.6651245140659126e-73,1.0
2026-01-22,2,Sideways,Sideways,0.45334752537310125,Sideways,1.2247421226337614e-59,1.308814765966019e-44,1.0
2026-01-23,2,Sideways,Sideways,0.45285138469189407,Sideways,3.717822518905127e-57,4.3224382052288817e-44,1.0
2026-01-24,2,Sideways,Sideways,0.45323203345760704,Sideways,1.1185608685632534e-56,7.539061113636006e-42,1.0
2026-01-25,2,Sideways,Sideways,0.4526314975693822,Sideways,6.328050367073809e-62,2.2847718963539265e-46,1.0
2026-01-26,2,Sideways,Sideways,0.45246476382017137,Sideways,7.090071918577587e-70,1.8591395326668108e-41,1.0
2026-01-27,2,Sideways,Sideways,0.4612166898325086,Sideways,3.068109071990806e-40,7.72342441203124e-30,1.0
2026-01-28,2,Sideways,Sideways,0.45267088948749007,Sideways,3.870455143627455e-54,9.593258649155644e-34,1.0
2026-01-29,2,Sideways,Sideways,0.4525424980558455,Sideways,1.6128440365167237e-52,4.839652094533233e-41,1.0
2026-01-30,2,Sideways,Sideways,0.4665782831609249,Sideways,3.393015330544864e-31,3.5392272093885474e-23,1.0
2026-01-31,2,Sideways,Sideways,0.46338621973991395,Sideways,9.96417045211605e-31,9.492758197268718e-18,1.0
2026-02-01,0,Bull,Bull,0.38421106338500977,Sideways,1.0,2.4201119488158537e-17,4.9693652347218945e-23
2026-02-02,1,Bear,Bear,0.06682893633842468,Bear,1.6079694309352344e-40,1.0,3.602488724786916e-45
2026-02-03,0,Bull,Bull,0.4525240659713745,Sideways,1.0,4.689661967782153e-14,6.49259995426327e-60
2026-02-04,1,Bear,Bear,0.09536495804786682,Bear,3.1155224204833014e-16,1.0,1.3134318593595757e-92
2026-02-05,0,Bull,Bull,0.4119369089603424,Sideways,0.999999677786088,3.222137909935697e-07,7.056858988870682e-128
2026-02-06,1,Bear,Bear,0.10301472991704941,Bear,5.077598608002091e-267,1.0,0.0
2026-02-07,0,Bull,Bull,0.4028428792953491,Sideways,1.0,8.765146631067539e-131,0.0
2026-02-08,1,Bear,Bear,0.10687974095344543,Bear,9.523405468476866e-69,1.0,1.6779497163971992e-214
2026-02-09,0,Bull,Bull,0.4010328948497772,Sideways,0.999999866719472,1.3328048314904227e-07,7.251246514981042e-190
2026-02-10,1,Bear,Bear,0.10042788833379745,Bear,1.0828248726750918e-19,1.0,1.730673707090516e-199
2026-02-11,0,Bull,Bull,0.35629701614379883,Sideways,0.9999999138676722,8.613223667969474e-08,5.360190951581729e-221
2026-02-12,1,Bear,Bear,0.09535901248455048,Bear,1.6885676554297174e-72,1.0,1.43878711228001e-250
2026-02-13,0,Bull,Bull,0.49147772789001465,Sideways,1.0,2.5886591425467293e-107,0.0
2026-02-14,1,Bear,Bear,0.10905428975820541,Bear,2.1530428367668664e-61,1.0,9.78370676112878e-209
2026-02-15,0,Bull,Bull,0.4623751938343048,Sideways,0.9999999428355312,5.7164435615702715e-08,3.083543661743514e-188
2026-02-16,1,Bear,Bear,0.06475115567445755,Bear,2.5381653984232416e-30,1.0,3.2169318104831936e-201
2026-02-17,0,Bull,Bull,0.3479937016963959,Sideways,0.9997934012867294,0.0002065987130644726,1.9263185345796027e-180
2026-02-18,1,Bear,Bear,0.18717558681964874,Bear,3.5764934215437253e-08,0.999999964235031,8.719685993503356e-166
2026-02-19,0,Bull,Bull,0.40983861684799194,Sideways,0.9999143889345126,8.561106562724367e-05,4.958378807605215e-130
2026-02-20,1,Bear,Bear,0.11113093048334122,Bear,8.676009446751403e-20,1.0,6.990538920602199e-117
2026-02-21,0,Bull,Bull,0.39135193824768066,Sideways,0.9999999999990905,8.272235832306906e-13,1.3071997083019553e-130
2026-02-22,1,Bear,Bear,0.08843402564525604,Bear,1.2999641403014686e-31,1.0,1.5102816183635556e-131
2026-02-23,0,Bull,Bull,0.4525098502635956,Sideways,0.9999999999972715,2.7407403287389296e-12,5.685571172696585e-165
2026-02-24,1,Bear,Bear,0.09626699984073639,Bear,1.527460099885306e-16,1.0,6.019108636615624e-162
2026-02-25,0,Bull,Bull,0.3687717914581299,Sideways,0.9999983570692019,1.642930820869309e-06,2.642084209364875e-160
2026-02-26,1,Bear,Bear,0.1663416177034378,Bear,7.871476355797912e-73,1.0,9.99299965165193e-151
2026-02-27,0,Bull,Bull,0.46652260422706604,Sideways,1.0,1.7250689898205446e-21,3.0177609397671753e-151
2026-02-28,1,Bear,Bear,0.048295166343450546,Bear,1.0154876636012642e-32,1.0,5.8520725030304354e-124
2026-03-01,0,Bull,Bull,0.30342549085617065,Bear,0.9996840458361973,0.00031595416369112984,1.1260224350441693e-106
2026-03-02,1,Bear,Bear,0.15112684667110443,Bear,1.2880108282004564e-28,1.0,2.0124141818550582e-64
2026-03-03,0,Bull,Bull,0.46794530749320984,Sideways,1.0,5.805392451031028e-17,1.9496925817030204e-51
2026-03-04,1,Bear,Bear,0.14673356711864471,Bear,3.886316620823284e-47,1.0,8.631806501516533e-47
2026-03-05,0,Bull,Bear,0.14910955727100372,Bear,1.0,1.694356024951261e-27,4.0250913969069364e-22
2026-03-06,1,Bear,Bear,0.11292651508858421,Bear,6.046017908038559e-75,0.999999978705546,2.1294545662531152e-08
2026-03-07,2,Sideways,Bear,0.5288144089929014,Sideways,1.4593760393907873e-37,2.3330768092928145e-07,0.9999997666923536
2026-03-08,2,Sideways,Sideways,0.5480011895298957,Sideways,6.037447720458933e-44,1.6962465208403128e-27,1.0
2026-03-09,2,Sideways,Sideways,0.5042752332985401,Sideways,3.666948141405704e-56,5.466547650071417e-26,1.0
2026-03-10,2,Sideways,Sideways,0.4855571657419205,Sideways,3.1783100496687017e-26,2.566830563388808e-19,1.0
2026-03-11,2,Sideways,Sideways,0.4877243235707283,Sideways,1.7982220310077712e-39,1.1437188729686414e-24,1.0
2026-03-12,2,Sideways,Sideways,0.4825777865946293,Sideways,7.191578805268062e-59,6.345093337206301e-38,1.0
2026-03-13,2,Sideways,Sideways,0.48542838245630265,Sideways,2.1075124639996981e-41,1.793183861265448e-31,1.0
2026-03-14,2,Sideways,Sideways,0.47183774672448636,Sideways,1.0844674020494726e-58,4.5348625182057176e-41,1.0
2026-03-15,2,Sideways,Sideways,0.4588415453210473,Sideways,1.3032117351374861e-67,3.5780200840077203e-66,1.0
2026-03-16,2,Sideways,Sideways,0.542475801706314,Sideways,1.2830481631424003e-52,1.2273716014337178e-54,1.0
2026-03-17,0,Bull,Bear,0.12838247418403628,Bear,1.0,1.8057580124621552e-48,3.650365441723347e-17
2026-03-18,2,Sideways,Sideways,0.570665043592453,Sideways,1.8409459589342034e-33,3.698360423824459e-24,1.0
2026-03-19,2,Sideways,Bear,0.5421531841158866,Sideways,1.4909295944852672e-47,1.0001576254388754e-31,1.0
2026-03-20,2,Sideways,Bear,0.6600382894277572,Bull,4.0199770532638565e-27,3.6526927746278567e-29,1.0
2026-03-21,2,Sideways,Sideways,0.5077894151210784,Sideways,1.197523517036019e-25,1.9090946488305874e-26,1.0
2026-03-22,2,Sideways,Sideways,0.4950626574456692,Sideways,4.1426707439673455e-40,2.620179267854639e-44,1.0
2026-03-23,2,Sideways,Sideways,0.4811416815966368,Sideways,5.089103851570642e-44,4.365792830305732e-56,1.0
2026-03-24,2,Sideways,Sideways,0.4778800781816244,Sideways,1.2557816265287672e-38,1.691157335266548e-51,1.0
2026-03-25,2,Sideways,Sideways,0.47967053651809693,Sideways,1.2050225093534136e-51,1.2588095247934106e-46,1.0
2026-03-26,2,Sideways,Sideways,0.48572727739810945,Sideways,1.60964123020347e-44,7.049502116323297e-60,1.0
2026-03-27,2,Sideways,Sideways,0.47260391600430013,Sideways,6.711404613013666e-54,6.68975858999112e-64,1.0
2026-03-28,2,Sideways,Sideways,0.4672586627304554,Sideways,2.5447315764802706e-63,3.4167138522370503e-53,1.0
2026-03-29,2,Sideways,Sideways,0.4675879802554846,Sideways,1.5879903854291386e-77,1.2000716238468467e-55,1.0
2026-03-30,2,Sideways,Sideways,0.4675879802554846,Sideways,5.728887856893822e-69,1.3777463666203939e-49,1.0
2026-03-31,2,Sideways,Sideways,0.4551339874044061,Sideways,5.658563880124947e-53,1.4953323103501495e-40,1.0
2026-04-01,2,Sideways,Sideways,0.46259801629930736,Sideways,6.59900020253789e-51,1.4728902831783387e-32,1.0
2026-04-02,2,Sideways,Sideways,0.4561562275514007,Sideways,1.9973121205316123e-43,2.3819607677386145e-31,1.0
2026-04-03,2,Sideways,Sideways,0.4525358074344695,Sideways,2.9959169947076896e-176,1.037167445673428e-86,1.0
2026-04-04,2,Sideways,Sideways,0.4548727639950812,Sideways,6.730385403402798e-142,4.102262772125547e-125,1.0
2026-04-05,2,Sideways,Sideways,0.454769794177264,Sideways,4.746304074595788e-160,1.7837102615966839e-134,1.0
2026-04-06,2,Sideways,Sideways,0.4579847723245621,Sideways,1.012412686244127e-175,2.308831209050629e-139,1.0
2026-04-07,2,Sideways,Sideways,0.45474477792158724,Sideways,2.1432372759294004e-182,1.2042453823677545e-146,1.0
2026-04-08,2,Sideways,Sideways,0.4649551136419177,Sideways,2.0705198450828124e-107,1.1653002072532796e-96,1.0
2026-04-09,2,Sideways,Sideways,0.45802720338106157,Sideways,1.650687881751472e-165,1.6060558960725902e-85,1.0
2026-04-10,2,Sideways,Sideways,0.4529292539693415,Sideways,3.3734066522316866e-115,2.0449540566521804e-73,1.0
2026-04-11,2,Sideways,Sideways,0.4525958404876292,Sideways,1.4939320357510859e-87,4.522613903652403e-53,1.0
2026-04-12,2,Sideways,Sideways,0.45398110086098314,Sideways,1.5373615952801604e-88,2.0603500995442938e-60,1.0
2026-04-13,2,Sideways,Sideways,0.4599983075633645,Sideways,5.947964382619746e-153,3.0846786176509853e-44,1.0
2026-04-14,0,Bull,Sideways,0.07922370731830597,Bear,1.0,1.1877084150940717e-26,2.651588896605836e-18
2026-04-15,1,Bear,Sideways,0.014934030361787016,Bear,1.870124640545959e-46,0.9999999999990905,6.96569326399684e-13
2026-04-16,0,Bull,Sideways,0.022196752950555464,Bear,0.9999998708226568,1.2917734801650672e-07,1.4084965917004798e-14
2026-04-17,1,Bear,Sideways,0.13592706620693207,Bear,3.172576168884109e-33,1.0,1.7249765178816205e-31
2026-04-18,0,Bull,Bull,0.382691890001297,Sideways,1.0,4.320577127830402e-19,5.1639481418719846e-36
2026-04-19,1,Bear,Bear,0.1522895097732544,Bear,1.859780483433483e-58,1.0,1.1884385175473102e-55
2026-04-20,0,Bull,Bull,0.34429967403411865,Sideways,1.0,6.6059847689944626e-21,1.3764223614398346e-39
2026-04-21,1,Bear,Bear,0.1612080711776941,Bear,8.44038657384538e-59,0.9997065622154786,0.00029343778445298447
2026-04-22,2,Sideways,Bear,0.5394989933766314,Sideways,9.196204502098448e-30,5.4164904733409466e-05,0.9999458350952883
2026-04-23,2,Sideways,Bear,0.5693247127705492,Sideways,7.931749624877691e-28,1.9167405636485043e-08,0.9999999808323994
2026-04-24,2,Sideways,Bear,0.5397996574640274,Sideways,7.672209549970683e-48,1.745199560015334e-18,1.0
2026-04-25,2,Sideways,Sideways,0.45453198747709395,Sideways,6.183419000329587e-46,1.8848834494943174e-26,1.0
2026-04-26,2,Sideways,Sideways,0.45367416720837356,Sideways,8.649879977337893e-46,2.509541076005638e-45,1.0
2026-04-27,2,Sideways,Sideways,0.45489371549338103,Sideways,1.1845780570991721e-48,1.5947686084114745e-59,1.0
2026-04-28,2,Sideways,Sideways,0.45258919992484153,Sideways,9.799905426587295e-64,1.9998031134471364e-71,1.0
2026-04-29,2,Sideways,Sideways,0.45333544751629234,Sideways,1.3363170816414256e-77,5.980784088644401e-81,1.0
2026-04-30,2,Sideways,Sideways,0.4530847319867462,Sideways,4.043310726931071e-67,1.1436933775866201e-74,1.0
2026-05-01,2,Sideways,Sideways,0.4526766492519528,Sideways,6.156861221738214e-88,3.0217424072087474e-83,1.0
2026-05-02,2,Sideways,Sideways,0.4527881278656423,Sideways,1.6735617382686597e-102,9.243899478490049e-86,1.0
2026-05-03,2,Sideways,Sideways,0.45290277344174684,Sideways,1.2916056004261227e-110,5.6091782927676654e-98,1.0
2026-05-04,2,Sideways,Sideways,0.4529865202959627,Sideways,1.0269023977723347e-126,1.1979639316199233e-108,1.0
2026-05-05,2,Sideways,Sideways,0.4538192591164261,Sideways,1.006879405468441e-74,2.5955820352641494e-56,1.0
2026-05-06,2,Sideways,Sideways,0.4582744983952125,Sideways,3.049980718107529e-14,6.694450040615219e-13,0.9999999999990905
2026-05-07,0,Bull,Sideways,0.020915811881422997,Bear,1.0,1.5129719343974754e-13,1.944170038932432e-24
2026-05-08,1,Bear,Sideways,0.030020151287317276,Bear,5.813606438835905e-46,1.0,8.978470314397615e-35
2026-05-09,0,Bull,Sideways,0.042326536029577255,Bear,1.0,2.0408280518215593e-13,4.648051518462655e-73
2026-05-10,1,Bear,Sideways,0.04168040305376053,Bear,2.8770288381422285e-35,1.0,3.399153544094611e-81
